anki_note_id,field_note_id,guid,mod
1497484860718,ab,"ifK.8I+,34",1499086121
1497484860719,aber,o|T{61NDbj,1499086121
1497484860720,anbieten,smJBqsiTg4,1499086121
1497484860721,Angebot,rq_!i.(e<N,1499086121
1497484860722,anderen,f=6F:J@2d),1499086121
1497484860723,abgeben,O&Z!e?KutQ,1499086121
1497484860724,anders,LE]LwXA<0P,1499086121
1497484860725,ändern,Niy>YOM*%N,1499086121
1497484860726,abholen,uH=O[QTG^(,1499086121
1497484860727,abschließen,Hhv4nwuKR[,1499086121
1497484860728,Achtung,sHvtQ*b^Ff,1499086121
1497484860729,Adresse,"jh()~|v,gH",1499086121
1497484860730,anfangen,r@G[8<YV|T,1499086121
1497484860731,Anfang,y0siv.~Xvd,1499086121
1497484860732,Angst,iKm?.H`kW<,1499086121
1497484860733,ankommen,s4xr#%Iecl,1499086121
1497484860734,Ahnung,t(&Fy<(VLg,1499086121
1497484860735,aktiv,"ylE$,g43h2",1499086121
1497484860736,aktuell,r5GE~!<G@0,1499086121
1497484860737,alles,k@&wg)`d1H,1499086121
1497484860738,alle,"Em!~/@,V72",1499086121
1497484860739,anmachen,Q~m.$6D3R&,1499086121
1497484860740,Ankunft,"y9u,l&:y3h",1499086121
1497484860741,sich anmelden,"t6{mt|,kl|",1499086121
1497484860742,Anmeldung,AW5B<tcG@%,1499086121
1497484860743,Anrufbeantworter,yqT8FWrKWF,1499086121
1497484860744,anrufen,inXpwPWMKo,1499086121
1497484860745,Anruf,fpm5.15`Dj,1499086121
1497484860746,allein,Q<#hf1Wmn0,1499086121
1497484860747,als,D]68UnS!VB,1499086122
1497484860748,also,"Qn2d.n,Oko",1499086122
1497484860749,Anschluss,jz3/SPOwZe,1499086122
1497484860750,ansehen,y$~eu}#Uc^,1499086122
1497484860751,antworten,JX(syjo6rr,1499086122
1497484860752,Antwort,"u;,.7S]IG>",1499086122
1497484860753,alt,zXeRFs(u8N,1499086122
1497484860754,Alter,k3gR`VdwZ:,1499086122
1497484860755,Ampel,h`|.W7S~BT,1499086122
1497484860756,an,b(5A~QDN*`,1499086122
1497484860757,Anzeige,"Y&dFqt=T,",1499086122
1497484860758,Anzug,"f,E&?oj^U1",1499086122
1497484860759,Apfel,b*Z2-C6[LV,1499086122
1497484860760,Apotheke,"eO,v@DEiWl",1499086122
1497484860761,Apparat,zZj.UHu@4m,1499086122
1497484860762,aus,Em-QD=`Yb<,1499086122
1497484860763,arbeiten,E<&3F7SAJv,1499086122
1497484860764,Arbeit,i~F2bO&PKf,1499086122
1497484860765,Ausbildung,PQ>Em=beCz,1499086122
1497484860766,Ausflug,t0stY)ug-M,1499086122
1497484860767,arbeitslos,"BQ:K;Ns,[Y",1499086122
1497484860768,sich ärgern,C[*[@[7v5l,1499086122
1497484860769,ausfüllen,u_C0jN8(c(,1499086122
1497484860770,arm,AytWm=&d8J,1499086122
1497484860771,Arm,eEfDkORQ`~,1499086122
1497484860772,Ausgang,l~L*!t<X$M,1499086122
1497484860773,ausgeben,l=vz1B9(Oi,1499086122
1497484860774,Artikel,k/G5.ny*&2,1499086122
1497484860775,ausgehen,L_8%Z.%6de,1499086122
1497484860776,auch,w!oXMhj^;F,1499086122
1497484860777,auf,I|po~N<H6=,1499086122
1497484860778,Auskunft,Qz(K4}CDz(,1499086122
1497484860779,Ausland,m-u$5_S?ru,1499086122
1497484860780,ausmachen,x8+JFiG4w%,1499086122
1497484860781,auspacken,iX@F.W$k5F,1499086122
1497484860782,sich ausruhen,L#=XX/<Tj[,1499086122
1497484860783,auf jeden Fall,"MF-hL7U9h,",1499086122
1497484860784,auf keinen Fall,mqc=4twG+U,1499086122
1497484860785,aussehen,teggA;_0[d,1499086122
1497484860786,aufhören,"D-eQ#N,J@k",1499086122
1497484860787,aufmachen,"w1~UkD@BE,",1499086122
1497484860788,außer,mGwNEk$o)*,1499086122
1497484860789,außerdem,rhz]T<z/ok,1499086122
1497484860790,außerhalb,"]/N,5pqw-",1499086122
1497484860791,aufpassen,Hq`^!k4GjJ,1499086122
1497484860792,aussprechen,b/Rz#vJquo,1499086122
1497484860793,aussteigen,"f,:mb|:;;>",1499086122
1497484860794,aufräumen,L8C]_3AP1],1499086122
1497484860795,aufregend,G.k>Fki)aK,1499086122
1497484860796,aufstehen,&!fnneC?i,1499086122
1497484860797,Ausstellung,Aa0I4KtiW`,1499086122
1497484860798,austragen,kzu[$H{`Zg,1499086122
1497484860799,Ausweis,K_VV`w+tDi,1499086122
1497484860800,Aufzug,jfNnh&5>Ya,1499086122
1497484860801,Auge,sZ9{bc0T{m,1499086122
1497484860802,Auto,p=|!-cPhEm,1499086122
1497484860803,Autobahn,jZg%x!LvPB,1499086122
1497484860804,Automat,L!uy-NKuJG,1499086122
1497484860805,automatisch,oWqZ=sU>W.,1499086122
1497484860806,Baby,l$CYO$C|ro,1499086122
1497484860807,Babysitter,tjXR]$4a/k,1499086122
1497484860808,beenden,Lo@gWwRhVt,1499086122
1497484860809,beginnen,OEt}j>_V9+,1499086122
1497484860810,begründen,dIyviO5y[7,1499086122
1497484860811,bei,iTG{4MrXQ(,1499086122
1497484860812,backen,uTB$K!9e{O,1499086122
1497484860813,Bäckerei,uJVUwSw4JE,1499086122
1497484860814,Bad,X.*Zeigk-,1499086122
1497484860815,beide,N=f_KG&jwn,1499086122
1497484860816,baden,z3LK3l{S?b,1499086122
1497484860817,Bahn,;*+4G-+N(,1499086122
1497484860818,bekannt,DOH~I^&U.;,1499086122
1497484860819,Bekannte (weiblich),"I,!1VtiCa;",1499086122
1497484860820,Bekannte (männlich),bM7}1as/Y!,1499086122
1497484860821,Bahnhof,eFv-Q;/@nm,1499086122
1497484860822,Bahnsteig,s^~};vx3an,1499086122
1497484860823,bekommen,L2E4J#6FCo,1499086122
1497484860824,bald,n5`NDnf$Qu,1499086122
1497484860825,Balkon,Gi#kRS!|M4,1499086122
1497484860826,beliebt,wA}P>C|@5,1499086122
1497484860827,Ball,mwAUFix?dK,1499086122
1497484860828,Banane,k2C}I?+(9|,1499086122
1497484860829,benutzen,i=7$AXhGM(,1499086122
1497484860830,Band,wcxjk)+Lv},1499086122
1497484860831,bequem,t&#Z5`(K2L,1499086122
1497484860832,Bank (Geldinstitut),u+I`]sRHZs,1499086122
1497484860833,Bank (Sitzgelegenheit),NJ)`h2o2yv,1499086122
1497484860834,bar,ucfN*.zFfI,1499086122
1497484860835,beraten,z{RM`HT=48,1499086122
1497484860836,Basketball,c|/EVXSVcw,1499086122
1497484860837,Berg,Jjp>0/+8)J,1499086122
1497484860838,basteln,NNxZBRNe?J,1499086122
1497484860839,Bauch,y<==7szRNh,1499086122
1497484860840,bauen,Q);vV+~vka,1499086122
1497484860841,berichten,ucDCG$gx$r,1499086122
1497484860842,Beruf,J^hWUNy1Z[,1499086122
1497484860843,berühmt,P`b!YQoumz,1499086122
1497484860844,Baum,"x|vx,-}/.c",1499086122
1497484860845,Bescheid,bUtG727tuq,1499086122
1497484860846,Baustelle,pqz55ikckr,1499086122
1497484860847,beschreiben,d^QTsg$ZG;,1499086122
1497484860848,beantworten,dYgAGiZ-+2,1499086122
1497484860849,sich bedanken,p9k4_f`zOQ,1499086122
1497484860850,bedeuten,u?SifP9_PJ,1499086122
1497484860851,sich beschweren,G22G0dNn#M,1499086122
1497484860852,sich beeilen,I21:`|8BfL,1499086122
1497484860853,besetzt,tw[EKD^YG(,1499086122
1497484860854,besichtigen,xho^h+j=>i,1499086122
1497484860855,bleiben,o.0M~X97GM,1499086122
1497484860856,besonders,J<PNnAU9:k,1499086122
1497484860857,Bleistift,h/+NF~?$B`,1499086122
1497484860858,bestätigen,N7C:}KOarH,1499086122
1497484860859,blöd,t2jJ;-TTXX,1499086122
1497484860860,blond,b#Q5>&n_Nc,1499086122
1497484860861,bestehen,xv#W@>gEt_,1499086122
1497484860862,Blog,C/=~mGvyM},1499086122
1497484860863,Blume,s|cXujlgG!,1499086122
1497484860864,Bluse,tsV]G>?M&8,1499086122
1497484860865,bestellen,qf|NF9*6t4,1499086122
1497484860866,Bohne,MYaUR9DnX?,1499086122
1497484860867,böse,w@MXeO!Gc8,1499086122
1497484860868,Besuch,zFBjrqDz`{,1499086122
1497484860869,besuchen,k5SIr>p*.+,1499086122
1497484860870,braten,m[8ZoDhCvY,1499086122
1497484860871,Bett,Ppy_/#uVw(,1499086122
1497484860872,brauchen,dHMF|m0DPx,1499086122
1497484860873,sich bewerben,s9xC`>xjoL,1499086122
1497484860874,Bewerbung,o%s?T_3~E<,1499086122
1497484860875,Brief,hi&:e78_6{,1499086122
1497484860876,bewölkt,pABG!Hazip,1499086122
1497484860877,Briefmarke,c-jTrR_N~|,1499086122
1497484860878,Brille,gr?HNk+3#6,1499086122
1497484860879,bezahlen,KNIJa1g45|,1499086122
1497484860880,bringen,Rgx^:M.xi+,1499086122
1497484860881,Bibliothek,MT?==MOc7$,1499086122
1497484860882,Brot,PP3~0C-#H,1499086122
1497484860883,Bier,Y7;iHv-[&,1499086122
1497484860884,Bild,K*Yy0!%e-9,1499086122
1497484860885,Brötchen,zt{v[mVQhT,1499086122
1497484860886,billig,"CQ)d6x=,CM",1499086122
1497484860887,Brücke,"n,MUFn5v*U",1499086122
1497484860888,Birne,NPuqmD=jPi,1499086122
1497484860889,Buch,"uk$-56L,Q>",1499086122
1497484860890,bis,Ov8O+)nJw<,1499086122
1497484860891,bisschen,qAPbIsNez/,1499086122
1497484860892,buchen,A_t8EYhoHH,1499086122
1497484860893,Buchstabe,E*erT=Xxj,1499086122
1497484860894,bitte,l!gs80o~dJ,1499086122
1497484860895,Bitte,iH&9S^{&sP,1499086122
1497484860896,bitten,"kaX?,Shh{f",1499086122
1497484860897,buchstabieren,GZ1/CU)GCQ,1499086122
1497484860898,bunt,G4!{>q;dUp,1499086122
1497484860899,bitter,t+wY]@C.=1,1499086122
1497484860900,Büro,"HHw,lBDk;b",1499086122
1497484860901,Blatt,r?<C)8+BKq,1499086122
1497484860902,Bus,"s+P,Pdv&_4",1499086122
1497484860903,Butter,eN_qIh(ZL),1499086122
1497484860904,Café,b-%<&biE$^,1499086122
1497484860905,Cafeteria,H9g<7!f>iy,1499086122
1497484860906,chatten,g{mHU>.4@),1499086122
1497484860907,Datum,n*Am6nRAwa,1499086122
1497484860908,dauern,"vHu4,LP{>a",1499086122
1497484860909,denken,"AoeX1>uWJ,",1499086122
1497484860910,Chef,C]}?];<2G?,1499086122
1497484860911,Chefin,E@+lxOHMj],1499086122
1497484860912,Club,dO@3w@tZ*),1499086122
1497484860913,Comic,Q$<&Ta.Ml!,1499086122
1497484860914,denn,Il^/Kekho~,1499086122
1497484860915,deshalb,"cxZ,.]5dlH",1499086122
1497484860916,deutlich,KbA#8-yxwp,1499086122
1497484860917,Computer,k.c{(Gg#X[,1499086122
1497484860918,Creme,"x2?%x#2O,^",1499086122
1497484860919,dick,"O.Up,!q@C+",1499086122
1497484860920,Ding,y7gn.8#mBw,1499086122
1497484860921,direkt,f}QHjTRWD&,1499086122
1497484860922,da,df@OFUi4mN,1499086122
1497484860923,Disco,gNM}K=!jp@,1499086122
1497484860924,diskutieren,I@pCllPgw3,1499086122
1497484860925,dabei sein,JBB[]uSRht,1499086122
1497484860926,darüber,oAa|+?CXP;,1499086122
1497484860927,doch,GC-3=tN&)s,1499086122
1497484860928,darauf,u[:x0W+*P$,1499086122
1497484860929,dagegen sein,HqLPX&F]a_,1499086122
1497484860930,dafür sein,"m?7=OS%,4r",1499086122
1497484860931,damals,Bz+jFX<|_5,1499086122
1497484860932,Doppelzimmer,OfV]lRB_u~,1499086122
1497484860933,Dame,y1mq*W%Xt>,1499086122
1497484860934,daneben,y@CC!+|T}a,1499086122
1497484860935,Dank,jfZDlc};VY,1499086122
1497484860936,Dorf,HZ`3<_w{rP,1499086122
1497484860937,dort,BlkI6`Bw#=,1499086122
1497484860938,dorther,j{M0L21[iB,1499086122
1497484860939,dorthin,",H;r/dY$E",1499086122
1497484860940,danke,bWc)36<V*/,1499086122
1497484860941,draußen,N8UwRBQwjo,1499086122
1497484860942,danken,"n.m?R2c,<%",1499086122
1497484860943,dann,oGxcxbe=wo,1499086122
1497484860944,dringend,JvwMx*L7FD,1499086122
1497484860945,drinnen,i&;QrJPt8N,1499086122
1497484860946,dass,qQT*uzucT_,1499086122
1497484860947,Datei,BZeNbRtR+z,1499086122
1497484860948,drüben,tHB+5)-.`+,1499086122
1497484860949,drücken,k1)AY$wFkl,1499086122
1497484860950,drucken,F:aA9lIn!A,1499086122
1497484860951,Einkaufszentrum,m5yL|.opk@,1499086122
1497484860952,Drucker,eJM15yKZ`1,1499086122
1497484860953,dumm,07|zK$79*,1499086122
1497484860954,einladen,EV7&WD/*qI,1499086122
1497484860955,dunkel,o4#.~4xzeb,1499086122
1497484860956,Einladung,o(fR6A#`Jn,1499086122
1497484860957,einmal,A]Rzk]SVE^,1499086122
1497484860958,einpacken,HfNUk)=J]c,1499086122
1497484860959,dünn,rh-ZH>m1zC,1499086122
1497484860960,durch,A|~St(X>EZ,1499086122
1497484860961,einsteigen,KlJG(3wYH-,1499086122
1497484860962,dürfen,Et6(Xl=*L-,1499086122
1497484860963,sich eintragen,cXP-XtL:KZ,1499086122
1497484860964,Durst,oY([DCOd|2,1499086122
1497484860965,Dusche,i4.6:!C[;w,1499086122
1497484860966,Eintritt,PO@]m<<w:y,1499086122
1497484860967,einverstanden sein,AtQ}2n+y<X,1499086122
1497484860968,sich duschen,"N,-tqqf=bL",1499086122
1497484860969,E-Book,p:U[6[59wL,1499086122
1497484860970,einzeln,Q&+dU0~GAz,1499086122
1497484860971,Einzelkind,?541Q4n-!,1499086122
1497484860972,Einzelzimmer,e(/O.gm~}g,1499086122
1497484860973,echt,gZ>kVw:5pf,1499086122
1497484860974,Ecke,"Du,..OJgRx",1499086122
1497484860975,einziehen,B(KShpef#h,1499086122
1497484860976,egal,oV<DtyOAH&,1499086122
1497484860977,Eis,vQcce[jbG.,1499086122
1497484860978,E-Mail,o0XQ&G>.*(,1499086122
1497484860979,Ehefrau,C1n>3f6F5n,1499086122
1497484860980,Ehepartner,ez4+O]~l-&,1499086122
1497484860981,Ehemann,rOL/r7:26$,1499086122
1497484860982,Ei,OF)ovZSad!,1499086122
1497484860983,eigenes,"y$<2)b4,7!",1499086122
1497484860984,Empfänger,jY~]1wm=-G,1499086122
1497484860985,empfehlen,"FtPp9.,]y/",1499086122
1497484860986,eigentlich,d:*O-RZ|Ke,1499086122
1497484860987,Ende,yo%BliH}i/,1499086122
1497484860988,eilig,iC)Uw8XFw-,1499086122
1497484860989,einfach,r_H*OcV)iU,1499086122
1497484860990,enden,kmX/tMzz2v,1499086122
1497484860991,endlich,o(z5zU*p;r,1499086122
1497484860992,eng,"rFZx:,(eJG",1499086122
1497484860993,Eingang,DuW6FQ)A6q,1499086122
1497484860994,einige,ltl:9h_yy9,1499086122
1497484860995,sich entschuldigen,gktINz{!AW,1499086122
1497484860996,einkaufen,hq%4{ZAUXF,1499086122
1497484860997,Entschuldigung,oqx1@-TCB9,1499086122
1497484860998,Erdgeschoss,mWXXycUSdU,1499086122
1497484860999,falsch,vh@qSFr0P_,1499086122
1497484861000,Erfahrung,o;}[1]^u;>,1499086122
1497484861001,sich erinnern,"v&`,9rz5x[",1499086122
1497484861002,Familie,"da>*R&!,J-",1499086122
1497484861003,Familienname,s%X1?G<rGZ,1499086122
1497484861004,erkältet sein,bl?gb%mPHM,1499086122
1497484861005,fantastisch,dK:8D<sht1,1499086122
1497484861006,Fan,zaEl=-BX%@,1499086122
1497484861007,erklären,l.j>38ReGQ,1499086122
1497484861008,Farbe,J}8)AcGC<$,1499086122
1497484861009,erlauben,kXNS4Z9#?K,1499086122
1497484861010,erlaubt sein,"Gf+Zn,>(R_",1499086122
1497484861011,Erlaubnis,C3rJ[].1lP,1499086122
1497484861012,fast,c&w.XS<~E1,1499086122
1497484861013,faul,P=AnFG^)&*,1499086122
1497484861014,fehlen,A)k-).HYc`,1499086122
1497484861015,Ermäßigung,ii$=-8b-N2,1499086122
1497484861016,erreichen,sfL=QOEYS@,1499086122
1497484861017,Fehler,t1J/7<[?B2,1499086122
1497484861018,Feier,xLj1&@g^^b,1499086122
1497484861019,Feierabend,x~raW71`sU,1499086122
1497484861020,Feiertag,F<;Mj~}-42,1499086122
1497484861021,feiern,lSJ/3OB.lA,1499086122
1497484861022,erst,H2UyA9|>xY,1499086122
1497484861023,Erwachsene,eZ]4oCZq%M,1499086122
1497484861024,Fenster,"lRX!iq2!2,",1499086122
1497484861025,Ferien,"pT,:h_/_g(",1499086122
1497484861026,erzählen,e8/5cw(iTn,1499086122
1497484861027,fernsehen,vxQh[u1%7g,1499086122
1497484861028,essen,h0:fB!Tt?R,1499086122
1497484861029,Essen,"v9U~`c,PQf",1499086122
1497484861030,Fernseher,u&]b+?}Yvc,1499086122
1497484861031,etwas,EP:2oF}29M,1499086122
1497484861032,fertig sein,fk_`Pdsz7o,1499086122
1497484861033,Fest,zCi}W*R#Vu,1499086122
1497484861034,Fach,k]RQMA{tsn,1499086122
1497484861035,fahren,Oj+<J(;:_q,1499086122
1497484861036,abfahren,ky{U_hH#%$,1499086122
1497484861037,Abfahrt,k2u02B!.p<,1499086122
1497484861038,Fahrkarte,Np[2M#[q9h,1499086122
1497484861039,Festival,"g6C7,U>B]U",1499086122
1497484861040,fett,rn|Xg%0<==,1499086122
1497484861041,Fieber,"vCJNC/q,YS",1499086122
1497484861042,Film,K_8l([J$x9,1499086122
1497484861043,finden,e>09QF`baP,1499086122
1497484861044,Fahrplan,O{b~uEaq=:,1499086122
1497484861045,Firma,f@X^u7<35S,1499086122
1497484861046,fallen,Cb2cAIjMs6,1499086122
1497484861047,Fahrrad,rWb$si^uBZ,1499086122
1497484861048,Fisch,c3=l|ucDCp,1499086122
1497484861049,fit sein,"O-ENB96b,&",1499086122
1497484861050,Flasche,I{:z/rYL2~,1499086122
1497484861051,Fleisch,NNbS5K>cBb,1499086122
1497484861052,fleißig,+uI{e;+FQ,1499086122
1497484861053,früher,B{-s@x/`hW,1499086122
1497484861054,Frühstück,f3ZNUYI5Y$,1499086122
1497484861055,frühstücken,BUP{$;&;-7,1499086122
1497484861056,fliegen,"tUM_AL,y=F",1499086122
1497484861057,abfliegen,DvTW@B#<OT,1499086122
1497484861058,sich fühlen,lbB)Z]PGs9,1499086122
1497484861059,Flohmarkt,G_bWxJ+_>T,1499086122
1497484861060,Führerschein,DlTY&O)GmW,1499086122
1497484861061,Flug,MxW|Mv9E|+,1499086122
1497484861062,Führung,l~O0-)81~-,1499086122
1497484861063,Fundsachen,uOg3LL`I{7,1499086122
1497484861064,Flughafen,"Q%YO[,b=/u",1499086122
1497484861065,Flugzeug,zpu0e9t?>$,1499086122
1497484861066,für,h(&a3[Uk3(,1499086122
1497484861067,Fluss,F)}l)URqe0,1499086122
1497484861068,furchtbar,f}om4y$hHf,1499086122
1497484861069,Formular,H^Q@RzP_~},1499086122
1497484861070,Fotoapparat,wW&VBe@?p_,1499086122
1497484861071,fotografieren,lmg-]?NcZ7,1499086122
1497484861072,Fuß,Op7H7l86Ha,1499086122
1497484861073,Fußball,"iLo1qTRu#,",1499086122
1497484861074,Foto,eSQjOU{R|J,1499086122
1497484861075,Frage,~:GA<uUD},1499086122
1497484861076,fragen,A4R=./r0#.,1499086122
1497484861077,Frau,zS_oeCYcG6,1499086122
1497484861078,Gabel,w;a7ug63t{,1499086122
1497484861079,ganz,u{Lp^lx]?/,1499086122
1497484861080,frei,O0qg$@i+8H,1499086122
1497484861081,freiwillig,QUo%*WR?fR,1499086122
1497484861082,Freizeit,v%y-1ruiC*,1499086122
1497484861083,fremd,md<_ml7yW#,1499086122
1497484861084,Garage,"b/#,g}zqd4",1499086122
1497484861085,Garten,H/]J8xV8Ba,1499086122
1497484861086,Gast,L9)3(o<*&L,1499086122
1497484861087,geben,er;yyv%!CX,1499086122
1497484861088,sich freuen,Lv]$3S]f}R,1499086122
1497484861089,geboren,JZLi[gcnZm,1499086122
1497484861090,Geburtstag,Gk2p=@eS*d,1499086122
1497484861091,Geburtsort,CXaSN9PJ&F,1499086122
1497484861092,Geburtsjahr,]1s-ON[^y,1499086122
1497484861093,Freund,y*#XDDT-^L,1499086122
1497484861094,Freundin,l_miCdi7xK,1499086122
1497484861095,geehrte,hfe4yue1g*,1499086122
1497484861096,freundlich,QUL3X%pFoP,1499086122
1497484861097,gefährlich,k+b?o&>rqv,1499086122
1497484861098,frisch,zm!YZck2^V,1499086122
1497484861099,gefallen,na7!9k53RL,1499086122
1497484861100,froh,Gcy]bhWc0},1499086122
1497484861101,früh,"tTOt9,Yc~B",1499086122
1497484861102,gegen,psach!aVmq,1499086122
1497484861103,Gegenteil,sgg55FG/f%,1499086122
1497484861104,gegenüber,Byb.E3`T&`,1499086122
1497484861105,gewinnen,gMwV#m`|W<,1499086122
1497484861106,Gehalt,q0N>v2e<gX,1499086122
1497484861107,Gewitter,r!L/PkELbh,1499086122
1497484861108,gehen,PN#$pBEkUc,1499086122
1497484861109,Gitarre,Q-OcJ<hRKT,1499086122
1497484861110,Glas,mN1DN~j{*K,1499086122
1497484861111,glauben,d/X2!t3NX9,1499086122
1497484861112,gleich,rNm;=g@kV$,1499086122
1497484861113,gehören,xuS)F/{^ZN,1499086122
1497484861114,Geld,EzyNVfU0v?,1499086122
1497484861115,Gleis,O4j`ogc92J,1499086122
1497484861116,Glück,Cp1C#tEQh>,1499086122
1497484861117,Geldbörse,l+e-R(uDU$,1499086122
1497484861118,glücklich,g:*O:>RpY5,1499086122
1497484861119,Gemüse,NAxiu*oQW!,1499086122
1497484861120,Glückwunsch,zXSS&>Tj}(,1499086122
1497484861121,genau,Pw~jvAVfx<,1499086122
1497484861122,gratulieren,ga!~dD*1HS,1499086122
1497484861123,genug,u2I)udZIkf,1499086122
1497484861124,grillen,rc%pKx=PVK,1499086122
1497484861125,Gepäck,WK)^-X4Wf,1499086122
1497484861126,gerade,c@[2-^KYo.,1499086122
1497484861127,Grippe,s&@Qdu)mbF,1499086122
1497484861128,groß,f_M8^/dNP$,1499086122
1497484861129,geradeaus,KlkSI|D[m5,1499086122
1497484861130,Größe,"cr$,,6!g1h",1499086122
1497484861131,Gerät,f%0lLY-&El,1499086122
1497484861132,Gruppe,up9</%mc(`,1499086122
1497484861133,Gericht,B&L:O2()d/,1499086122
1497484861134,gern,Kx6e1y*>dI,1499086122
1497484861135,Gruß,cKc_gf+1C6,1499086122
1497484861136,Geschäft,A2^.liM)1M,1499086122
1497484861137,gültig sein,uOvctDJ:0Z,1499086122
1497484861138,Geschenk,ix{.VX)&dK,1499086122
1497484861139,Geschichte,L&4R-cldxS,1499086122
1497484861140,Geschirr,"ukA,h&$Rrt",1499086122
1497484861141,günstig,AoG~xzC+OR,1499086122
1497484861142,gut,n8^I32JYc3,1499086122
1497484861143,Gesicht,I9U&H9YVF:,1499086122
1497484861144,Gespräch,Nx.e&2:P}_,1499086122
1497484861145,gestern,pG+LPK(VdB,1499086122
1497484861146,gesund,lZa!x914Rg,1499086122
1497484861147,Gesundheit,wQ6]ytrAS4,1499086122
1497484861148,Getränk,rxWZz^bRBW,1499086122
1497484861149,Haar,BODKj*-!JZ,1499086122
1497484861150,haben,gRyhQPloh`,1499086122
1497484861151,Hähnchen,Mm^ra?{Z-!,1499086122
1497484861152,Halle,Fa%+R;x2C(,1499086122
1497484861153,hallo,uhk]%^+:;x,1499086122
1497484861154,herein,e/0NkI*-Z>,1499086122
1497484861155,Hals,Fq^:Mc@u?&,1499086122
1497484861156,Herd,K[ftmw}#cx,1499086122
1497484861157,Herr,gM4[ZoMTt<,1499086122
1497484861158,halten,b[g&LiCP@U,1499086122
1497484861159,herstellen,D:Bb;MRIPm,1499086122
1497484861160,Hamburger,DL(q2c71*.,1499086122
1497484861161,Haltestelle,fia*8%c68Z,1499086122
1497484861162,herunterladen,u^zH&4*nh3,1499086122
1497484861163,Hand,"NF,gR()hhb",1499086122
1497484861164,Handtuch,kDf<ixCi@,1499086122
1497484861165,herzlich,h2qZgeJ0tu,1499086122
1497484861166,Handy,f?u}rR*8-2,1499086122
1497484861167,heute,Cx$Pv:3|O2,1499086122
1497484861168,hängen,ynI6yBGFT2,1499086122
1497484861169,hier,qn+7?Or!Mv,1499086122
1497484861170,hart,x]t4Bc$%{y,1499086122
1497484861171,Hilfe,ER>cUSE`_C,1499086122
1497484861172,hässlich,k?+#1{^9~F,1499086122
1497484861173,Hauptstadt,dxp;+EdstM,1499086122
1497484861174,Himmel,d+9OtM$9:4,1499086122
1497484861175,Haus,Kk0/`0k`tc,1499086122
1497484861176,hin,JrazM5#.x),1499086122
1497484861177,hinein,g75{T9Z8i!,1499086122
1497484861178,hinaus,QC-3FR`bvp,1499086122
1497484861179,Haushalt,c]D`u=;r{z,1499086122
1497484861180,hinten,uz4Xkc*3Th,1499086122
1497484861181,hinter,G!P~;pmd3s,1499086122
1497484861182,Heft,L+r@3*]b6=,1499086122
1497484861183,Heimat,"Fo1(cr(,#Z",1499086122
1497484861184,Hobby,tHqn]GK#%P,1499086122
1497484861185,hoch,Ho0U}LIyGk,1499086122
1497484861186,Hochzeit,"I&#`,G7Wcb",1499086122
1497484861187,heiraten,o|!tA$L3~=,1499086122
1497484861188,hoffen,iakxm@W;l4,1499086122
1497484861189,heiß,d.B!nMmNHE,1499086122
1497484861190,heißen,"lQ:|3Md,$?",1499086122
1497484861191,hoffentlich,umx!F#e}x8,1499086122
1497484861192,holen,s)5o];]/(x,1499086122
1497484861193,Heizung,"MYh,Hdzdnb",1499086122
1497484861194,helfen,C&L(<RWdRh,1499086122
1497484861195,Homepage,i_A<aw0|h;,1499086122
1497484861196,hören,htu/;4eA:Z,1499086122
1497484861197,hell,q5=}Z^fOa;,1499086122
1497484861198,Hose,fa&nr^;8);,1499086122
1497484861199,Hemd,"D3^NW.,H}T",1499086122
1497484861200,her kommen,n!c7$xzB!^,1499086122
1497484861201,heraus,qHl6jjmy36,1499086122
1497484861202,Hotel,b111i5A3|X,1499086122
1497484861203,Hund,iMO08<QC6V,1499086122
1497484861204,Hunger,N_`AcU^9z&,1499086122
1497484861205,husten,"tY,x3[f7cv",1499086122
1497484861206,Idee,kP]yougiU/,1499086122
1497484861207,jung,wa*[-S*&i@,1499086122
1497484861208,immer,J{ty>Wn|/O,1499086122
1497484861209,Junge,o>8f@X7#iM,1499086122
1497484861210,in,Bq^Nqfu$Vi,1499086122
1497484861211,Information,rx=C:z@vQ.,1499086122
1497484861212,sich über informieren,rG-v4gva*-,1499086122
1497484861213,Kaffee,lI7[5!n1e|,1499086122
1497484861214,Kalender,qp|TgCTeX9,1499086122
1497484861215,kalt,oI}SEHEwn6,1499086122
1497484861216,Insel,ds)XNE!CE+,1499086122
1497484861217,Instrument,A;`^_x.-.},1499086122
1497484861218,intelligent,gEW23JoH7K,1499086122
1497484861219,Kamera,yabJyEM7cm,1499086122
1497484861220,Interesse,y2CrP)x4ka,1499086122
1497484861221,kaputt,O:!1o1[l5#,1499086122
1497484861222,Karte,w3di>-gmpX,1499086122
1497484861223,sich interessieren,"t6xbTq,sW<",1499086122
1497484861224,interessant,sY:idCkz1f,1499086122
1497484861225,international,hI+V`_Dmbt,1499086122
1497484861226,Internet,v7~4ko=<qW,1499086122
1497484861227,Kartoffel,eqNA3^^d{;,1499086122
1497484861228,Käse,Chb*RkXVIL,1499086122
1497484861229,Kasse,sm{C`YCq@:,1499086122
1497484861230,Katze,Je#pdncTK%,1499086122
1497484861231,kaufen,"F411bWj,Kd",1499086122
1497484861232,Interview,x1B_oHZ%(8,1499086122
1497484861233,Kaufhaus,JN;#MS!zLH,1499086122
1497484861234,kein,G6{|--Cj6n,1499086122
1497484861235,ja,"x<,*f@)R$`",1499086122
1497484861236,Jacke,l(nd~)[NWa,1499086122
1497484861237,Jeans,LztR;*{i:q,1499086122
1497484861238,Keller,FF+Xr^|q*k,1499086122
1497484861239,jeden,"jPf.,I`t5]",1499086122
1497484861240,jedes,b|_%mlM--/,1499086122
1497484861241,jemand,e{73~c)`f`,1499086122
1497484861242,kennen,PEP|&Jh<df,1499086122
1497484861243,kennenlernen,{HMzhJFK,1499086122
1497484861244,jetzt,"h-*$,xIhFn",1499086122
1497484861245,Job,i@^14|BEE_,1499086122
1497484861246,Kenntnisse,"dp$`d-|XU,",1499086122
1497484861247,joggen,c9VIe!B7#f,1499086122
1497484861248,Kette,w@ZwY#E[<$,1499086122
1497484861249,Jugendherberge,OE7wlN-n4E,1499086122
1497484861250,Kind,cc2{y1Rz@i,1499086122
1497484861251,Jugendliche (männlich),Qk%X:pFrqU,1499086122
1497484861252,Jugendliche (weiblich),tJ`cxh2d5*,1499086122
1497484861253,Kindergarten,L}Znzo6vb0,1499086122
1497484861254,Kino,u4_jl;pW]N,1499086122
1497484861255,Kiosk,uc})5_$5z-,1499086122
1497484861256,Kirche,"q9.,wqa6v(",1499086122
1497484861257,kostenlos,"xNJ-@**>,J",1499086122
1497484861258,klappen,GZgE(LLn+6,1499086122
1497484861259,krank,qzTj-Fi5EU,1499086122
1497484861260,Krankenhaus,NN-/%aL%<-,1499086122
1497484861261,klar,M@4xgYoADk,1499086122
1497484861262,Krankenkasse,lSkAmTgX{Z,1499086122
1497484861263,Krankheit,EEE}>3(B:9,1499086122
1497484861264,Kredit,kChu!WbKjD,1499086122
1497484861265,Klavier,w?cW;$<>$F,1499086122
1497484861266,Kleid,bIiB@*[57n,1499086122
1497484861267,Kreuzung,"mu-)09E,6a",1499086122
1497484861268,Kleidung,C=HPP/=C7$,1499086122
1497484861269,kriegen,u:5~2Zt&Vd,1499086122
1497484861270,klein,pIdx%l{#v1,1499086122
1497484861271,Krimi,Gowb+8&K)<,1499086122
1497484861272,klug,sO2e~I(e.B,1499086122
1497484861273,kochen,Ln5gq+yQ={,1499086122
1497484861274,Küche,s.I1%aTvrR,1499086122
1497484861275,Kuchen,o*9XGH_*93,1499086122
1497484861276,kühl,tfVVS%/1j;,1499086122
1497484861277,Koffer,B_WvCe}?<o,1499086122
1497484861278,Kühlschrank,hW`+^-iFy5,1499086122
1497484861279,Kollege,QuoNgf(k9C,1499086122
1497484861280,Kollegin,exTKgk|)}4,1499086122
1497484861281,Kultur,ExGttw$q=j,1499086122
1497484861282,komisch,d9l6RQw%GA,1499086122
1497484861283,sich kümmern,OS0a9/z$g@,1499086122
1497484861284,kommen,Rd$eJ:oYfU,1499086122
1497484861285,können,"qA,<C8o[+?",1499086122
1497484861286,kündigen,jCUr/RrAv<,1499086122
1497484861287,Kunde,#sg_J?ZXq,1499086122
1497484861288,Kundin,KrvzC@evJt,1499086122
1497484861289,Kunst,E+4K.<VD>6,1499086122
1497484861290,Kontakt,Q{D:PFi8Qe,1499086122
1497484861291,Konto,c]m+=|nn[q,1499086122
1497484861292,Kurs,i;|ngwnTbu,1499086122
1497484861293,kurz,Q*f*`wTtl`,1499086122
1497484861294,kontrollieren,c29>K9[C4`,1499086122
1497484861295,Konzert,Y7iZR=-=D,1499086122
1497484861296,lachen,K1yo!<evlc,1499086122
1497484861297,Kopf,B1sUI_mpU7,1499086122
1497484861298,Laden,Ii(t^WD&=Q,1499086122
1497484861299,Körper,u$Fa^c@n.6,1499086122
1497484861300,Lampe,A;eHjs15(},1499086122
1497484861301,Land,NBw|%MA6@i,1499086122
1497484861302,Kosmetik,n*=>T)]%3V,1499086122
1497484861303,kosten,lnZ7>%Og1A,1499086122
1497484861304,Landschaft,JMR85I~!Tt,1499086122
1497484861305,lang,FsOszFR</6,1499086122
1497484861306,lange,u}#cmJD7PV,1499086122
1497484861307,langsam,K7N2A!dAB),1499086122
1497484861308,Link,HMb>]nl%hi,1499086122
1497484861309,links,"nNZ,p=fotc",1499086122
1497484861310,Löffel,J}c9@TtFlE,1499086122
1497484861311,langweilig,"bGyG~,J+9O",1499086122
1497484861312,Lokal,sPD|W0rjBj,1499086122
1497484861313,Lüge,xK]:<8^9Hb,1499086122
1497484861314,lügen,;:`^N7a6B,1499086122
1497484861315,Laptop,N[[b!=V~o:,1499086122
1497484861316,lassen,"I,)*V#qv2&",1499086122
1497484861317,Lust,E&f9~ga^~q,1499086122
1497484861318,laufen,F#h:&3-TXp,1499086122
1497484861319,lustig,jc~Fl{lS+^,1499086122
1497484861320,laut,v@Qn*HFbwZ,1499086122
1497484861321,leben,"Bd0,{q08uS",1499086122
1497484861322,machen,A)A{g1cW]c,1499086122
1497484861323,Leben,zjjVP}#hZB,1499086122
1497484861324,Lebensmittel,F8:$Rzze*[,1499086122
1497484861325,leer,bW]4+P>]BD,1499086122
1497484861326,Mädchen,"y+,.9WeCtd",1499086122
1497484861327,Magen,mv(*pYPS:+,1499086122
1497484861328,legen,t?yaio;/Pk,1499086122
1497484861329,leicht,k9]#gwj~(i,1499086122
1497484861330,leider,Qu7vOP!}2k,1499086122
1497484861331,leidtun,ualT;!9x*-,1499086122
1497484861332,Mailbox,w>PIckr.9;,1499086122
1497484861333,mal,yPzK*6F.c#,1499086122
1497484861334,Mal,k^lUb8/AS:,1499086122
1497484861335,malen,t(&fTnvET3,1499086122
1497484861336,man,v$:bFa-*tE,1499086122
1497484861337,leihen,B|%x>7PY:T,1499086122
1497484861338,leise,x3$c]QJiYW,1499086122
1497484861339,lernen,EchAMEjCea,1499086122
1497484861340,manche,w{Xk3VPV_q,1499086122
1497484861341,manchmal,ya#a+6c29|,1499086122
1497484861342,Mann,F|x9HUalQh,1499086122
1497484861343,männlich,"u+,y4bAcNs",1499086122
1497484861344,lesen,tKS_IO>![(,1499086122
1497484861345,letzte,wrEh:;pv51,1499086122
1497484861346,Mannschaft,"Q,VQE#BWet",1499086122
1497484861347,Mantel,IFC3GD}Q6q,1499086122
1497484861348,Markt,Eg8:p9m!@@,1499086122
1497484861349,Leute,kX[e|h]|Tq,1499086122
1497484861350,Licht,q_7%/n8*nF,1499086122
1497484861351,lieber,l.u^HP1Yxa,1499086122
1497484861352,Maschine,KzMzp>4I&A,1499086122
1497484861353,Medikament,H^n]m_J8>9,1499086122
1497484861354,Meer,"Oj11p_<Y,J",1499086122
1497484861355,lieben,^PdR4xW}-,1499086122
1497484861356,Lieblingsfarbe,gzv7r*{?#[,1499086122
1497484861357,mehr,GC;MkuxRn3,1499086122
1497484861358,meinen,n%D[9{HzwM,1499086122
1497484861359,Lied,t~-v6aocn!,1499086122
1497484861360,Meinung,+Y)!RA!L/,1499086122
1497484861361,liefern,rq(9S1=-{_,1499086122
1497484861362,liegen,s.aaJZZ!;+,1499086122
1497484861363,meisten,ujz?=**%gf,1499086122
1497484861364,meistens,lHpz6I0!0[,1499086122
1497484861365,Menge,"m,|$@%nCfc",1499086122
1497484861366,Mensch,A5i=<]z?$d,1499086122
1497484861367,Moment,AT!p<1X[EJ,1499086122
1497484861368,morgen,bQ]D}mR@/?,1499086122
1497484861369,Motor,FNbK.;nC$L,1499086122
1497484861370,Motorroller,t23]vEB.{[,1499086122
1497484861371,merken,s#.ijP[/bV,1499086122
1497484861372,müde,LK!9c<#M:I,1499086122
1497484861373,Müll,n!C12pindC,1499086122
1497484861374,Messe,H%;1b;L*X+,1499086122
1497484861375,Messer,c4fCyA54+5,1499086122
1497484861376,Miete,"H2Q%dsrb,Q",1499086122
1497484861377,Mund,r&=U5mxS*=,1499086122
1497484861378,Museum,Jyg${)cjwJ,1499086122
1497484861379,Musik,F&]<2YpP6w,1499086122
1497484861380,mieten,fGflKLUgo$,1499086122
1497484861381,Milch,"CUje2tay,;",1499086122
1497484861382,mindestens,Q55$=RlRHT,1499086122
1497484861383,müssen,MV<(5g-iD_,1499086122
1497484861384,Mütze,"fb/jW,OWQ?",1499086122
1497484861385,Mineralwasser,qSI+e87S1N,1499086122
1497484861386,nach,e`4:-=tYZ7,1499086122
1497484861387,mit,N}D/HbpCV4,1499086122
1497484861388,mitbringen,netaN;+R>D,1499086122
1497484861389,mitspielen,y|&c&=:@Dj,1499086122
1497484861390,mitmachen,fgEK:zcCwq,1499086122
1497484861391,mitkommen,r>!+O7*$KK,1499086122
1497484861392,mitnehmen,N7q{oBihA~,1499086122
1497484861393,Nachbar,u.`!qhkqA;,1499086122
1497484861394,Nachbarin,nLzy6u`&33,1499086122
1497484861395,Nachricht,r<PF&fY]70,1499086122
1497484861396,nächste,b#Go:1xWa,1499086122
1497484861397,Mitarbeiter,v_g>U(Y){p,1499086122
1497484861398,Mittagessen,Lv5E3g>D^.,1499086122
1497484861399,Nähe,e55CP]S>SD,1499086122
1497484861400,Mitte,iwqLPEo!Nl,1499086122
1497484861401,Name,"x0,,)X>K,q",1499086122
1497484861402,Mittel,sz!d{}Q}qt,1499086122
1497484861403,nass,Cttq9&yL(1,1499086122
1497484861404,Möbel,"G}6BF,IWiK",1499086122
1497484861405,Mobiltelefon,"ie+t1,{J(-",1499086122
1497484861406,möchten,N@)!R?LcW7,1499086122
1497484861407,Natur,"xN8$,oK,r6",1499086122
1497484861408,natürlich,t|W$N+)L]Z,1499086122
1497484861409,Mode,JAr_dQFVK#,1499086122
1497484861410,neben,RgSr:8[UjV,1499086122
1497484861411,nebenan,Gejp(k+ox;,1499086122
1497484861412,modern,E%o4=`3JM.,1499086122
1497484861413,mögen,zj{A;=3L&^,1499086122
1497484861414,neblig,cH>DC.z{VE,1499086122
1497484861415,möglich,o-n}6(e4Y_,1499086122
1497484861416,nehmen,H/-k51LmC8,1499086122
1497484861417,nein,j;.X0-OSoi,1499086122
1497484861418,offen,n2~DIqN*91,1499086122
1497484861419,öffnen,v:`ZqZm5hs,1499086122
1497484861420,oft,K]kep0E%o0,1499086122
1497484861421,ohne,F>[i;Q!W9@,1499086122
1497484861422,nennen,p?9syZ&tBm,1499086122
1497484861423,nervös,lR>W@r68_X,1499086122
1497484861424,nett,v@w7t{=FB~,1499086122
1497484861425,Ohr,mV$if;&)n<,1499086122
1497484861426,Öl,n?s5ntu;r),1499086122
1497484861427,neu,3BV1%^09K,1499086122
1497484861428,online,"g.O<,aJ1xr",1499086122
1497484861429,nicht,wqrN`CNq!:,1499086122
1497484861430,nichts,"CMb,3+<PLk",1499086122
1497484861431,nie,Hhj&[q8tqm,1499086122
1497484861432,Orange,m~+[.:Qr/z,1499086122
1497484861433,Ordnung,pgNiCUbAm/,1499086122
1497484861434,niemand,BM>WU+WKft,1499086122
1497484861435,nirgends,G5r{O|)_V:,1499086122
1497484861436,organisieren,vxWg8hhzlO,1499086122
1497484861437,Ort,DX+-l*]t04,1499086122
1497484861438,noch,"csuUc),/&v",1499086122
1497484861439,normal,ByLsSfYxCx,1499086122
1497484861440,Note,C7D2d[lY1M,1499086122
1497484861441,notieren,"OoWYq|DS<,",1499086122
1497484861442,Notiz,zjm1Igu@Rf,1499086122
1497484861443,Paar,bdHTrs~eBc,1499086122
1497484861444,ein paar,l|L(I*A+Bd,1499086122
1497484861445,notwendig,uA69nuI7C/,1499086122
1497484861446,packen,FsIprQ5J{`,1499086122
1497484861447,Nudel,G-M@[%;7#U,1499086122
1497484861448,Nummer,G!Kic<m^s1,1499086122
1497484861449,Paket,vOr?@v_:3x,1499086122
1497484861450,Papier,N-vX4W|PN4,1499086122
1497484861451,Papiere,j5MygRzh|J,1499086122
1497484861452,Parfüm,BL0aRjfA=q,1499086122
1497484861453,Park,utTmPM=aim,1499086122
1497484861454,nur,"Qc7cn:5-.,",1499086122
1497484861455,parken,K&~njw2(u%,1499086122
1497484861456,Partner,c3Szl.286A,1499086122
1497484861457,Partnerin,j/;%Xx$-KN,1499086122
1497484861458,nützlich,nJZ@o5`K`>,1499086122
1497484861459,Party,v.`1*0<VJ5,1499086122
1497484861460,Pass,P+@-2fGy(},1499086122
1497484861461,oben,JBAqeeZ{1k,1499086122
1497484861462,Obst,"v4*|_B,j{$",1499086122
1497484861463,passen,L8A_Y2-m?K,1499086122
1497484861464,passieren,"k.Erz`Uj,=",1499086122
1497484861465,oder,xElr+s3rIY,1499086122
1497484861466,Passwort,"jfXItkOG,B",1499086122
1497484861467,Projekt,pB;$Xk+u$8,1499086122
1497484861468,Pause,C6Q=-:pZoB,1499086122
1497484861469,Prospekt,Q`Y&wr0MZ2,1499086122
1497484861470,Person,x]kN&N8R8u,1499086122
1497484861471,prüfen,QT*<$)j@=T,1499086122
1497484861472,Pferd,s>H^wFUrHX,1499086122
1497484861473,Pflanze,DNBXcpmD}l,1499086122
1497484861474,Prüfung,P?;nPI`M&V,1499086122
1497484861475,Pullover,C:nmZ`SZ$m,1499086122
1497484861476,Pizza,i7?o~?!bO_,1499086122
1497484861477,pünktlich,v2Gjs}@m`!,1499086122
1497484861478,Plakat,Mj;/yIgoP},1499086122
1497484861479,putzen,fgl]bSh;<n,1499086122
1497484861480,Plan,c1rikGw5cs,1499086122
1497484861481,planen,p5Z$jtM7@U,1499086122
1497484861482,Platz,"v,?I+>n-e=",1499086122
1497484861483,plötzlich,n:h~X6zN{F,1499086122
1497484861484,Qualität,ptV>!/4u65,1499086122
1497484861485,Quiz,wf~?QXh|{V,1499086122
1497484861486,Polizei,GrdgAVkMb$,1499086122
1497484861487,Pommes frites,II$g&2(E*l,1499086122
1497484861488,Radio,Ea{7lxz^jm,1499086122
1497484861489,raten,M/|n2aK`k1,1499086122
1497484861490,Portion,j2:/bl?LUM,1499086122
1497484861491,Post,HddR.E4:=V,1499086122
1497484861492,Poster,Qa(;&]]>Sm,1499086122
1497484861493,Rathaus,k?U4*jdV*7,1499086122
1497484861494,Postkarte,h%Emp6]i@8,1499086122
1497484861495,Postleitzahl,olu:^ifMnF,1499086122
1497484861496,Rätsel,rzqGBJJI2P,1499086122
1497484861497,rauchen,A|qRm4_N#T,1499086122
1497484861498,Praktikum,"r,QS%lPL+r",1499086122
1497484861499,Raum,v~+NI^SY-g,1499086122
1497484861500,praktisch,bG9iLeIe(=,1499086122
1497484861501,rechnen,k|Vo:ov>O=,1499086122
1497484861502,Praxis,"G`[k}WY,Fh",1499086122
1497484861503,Rechnung,vdo;[j1$UL,1499086122
1497484861504,recht haben,"D.cqRK,`6R",1499086122
1497484861505,Preis,CU%1P|G>f=,1499086122
1497484861506,preiswert,i&K~1sw69=,1499086122
1497484861507,privat,"y%c0s0bs`,",1499086122
1497484861508,rechts,E?daR{;V^V,1499086122
1497484861509,reden,uxW8_6k9?|,1499086122
1497484861510,Regen,k5<Iu7*B>%,1499086122
1497484861511,pro,JkCF#vLb>j,1499086122
1497484861512,probieren,zKl[w&BL6K,1499086122
1497484861513,regnen,sY_(641[BG,1499086122
1497484861514,reich,Ngbq%7}fMv,1499086122
1497484861515,Problem,chNK]z([[),1499086122
1497484861516,Reifen,AN#{T*=HK2,1499086122
1497484861517,Produkt,mh!|6n<+9),1499086122
1497484861518,Reihe,cgT#s3Tp4A,1499086122
1497484861519,Programm,kG|e&vscu|,1499086122
1497484861520,Reinigung,q1qxhS|Rzl,1499086122
1497484861521,rund,Nh+r%K)ke1,1499086122
1497484861522,Reis,cNO%<(``nl,1499086122
1497484861523,Reise,r^s{;eSm&e,1499086122
1497484861524,Reisebüro,gp1KYw;u$2,1499086122
1497484861525,Reiseführer,Aoa`f6p:Rl,1499086122
1497484861526,Rundgang,t[JRae$o)l,1499086122
1497484861527,Sache,PmI{wKa4;Z,1499086122
1497484861528,reisen,qdVYr`hPu,1499086122
1497484861529,reiten,N}&WSxo$*Q,1499086122
1497484861530,renovieren,AbiXC*hqc9,1499086122
1497484861531,Saft,tc2108#GM!,1499086122
1497484861532,sagen,O/e;V}}{pK,1499086122
1497484861533,Rentner,ypO?&Y?5)4,1499086122
1497484861534,Rentnerin,k4#>lR6%U,1499086122
1497484861535,Salat,q>tEKw:npB,1499086122
1497484861536,Salz,Ll-HsK>gHS,1499086122
1497484861537,Reparatur,E3K-VO(E|p,1499086122
1497484861538,sammeln,sZ1|LWjdM),1499086122
1497484861539,reparieren,ntK]U}|0sG,1499086122
1497484861540,Satz,JHglIdH59y,1499086122
1497484861541,sauber,"D0A+c-$,(>",1499086122
1497484861542,reservieren,oD/~nby-@T,1499086122
1497484861543,sauer,Gh]Mgg~(xA,1499086122
1497484861544,Rest,C1ti_y<S|1,1499086122
1497484861545,schade,Jjeiw?;Gty,1499086122
1497484861546,schädlich,Qj&w`~)Dd),1499086122
1497484861547,Restaurant,bt.ff!VBRT,1499086122
1497484861548,schaffen,i3*aDuR2l(,1499086122
1497484861549,Rezept,G[`xb]=*:J,1499086122
1497484861550,Schalter,"kgsb&>,igz",1499086122
1497484861551,Rezeption,"sw^B,.X>8U",1499086122
1497484861552,richtig,Lcou%xkvaJ,1499086122
1497484861553,scharf,NTglQ-rh3_,1499086122
1497484861554,riechen,Ih!CNZ)h)@,1499086122
1497484861555,scheinen,Ebl[:J?^qc,1499086122
1497484861556,Rind,sf0=3y&z&P,1499086122
1497484861557,Ring,pkok45K9}W,1499086122
1497484861558,Rock,D%u}Vs2hra,1499086122
1497484861559,schenken,DY&:r*3fo>,1499086122
1497484861560,romantisch,CKyuk}:h?o,1499086122
1497484861561,Schere,vsQ4pY5Bs],1499086122
1497484861562,Rose,"j,zKr2M*0x",1499086122
1497484861563,Rücken,EzJ}pwW3-1,1499086122
1497484861564,schicken,hEs5R;BS>-,1499086122
1497484861565,Schiff,sj~[P/?/m=,1499086122
1497484861566,Rucksack,l`K.LA@]:G,1499086122
1497484861567,Schild,"o;uOCy%J=,",1499086122
1497484861568,schimpfen,DN=x/&([Px,1499086122
1497484861569,rufen,"I6o{iEA,4n",1499086122
1497484861570,Ruhe,pU.R>{<]la,1499086122
1497484861571,ruhig,qC>hNTp;(k,1499086122
1497484861572,Schirm,J=UqG83[e?,1499086122
1497484861573,schlafen,vSaF.ti.dn,1499086122
1497484861574,Schlafzimmer,s;4DMc^M#*,1499086122
1497484861575,Schüler,AYd<=ft!N7,1499086122
1497484861576,Schülerin,M4CEcKn!M9,1499086122
1497484861577,schlecht,f%dgG506qX,1499086122
1497484861578,schwach,p]^N|`p7/#,1499086122
1497484861579,schließen,g:?1{G!sBl,1499086122
1497484861580,schwanger,C`U#SlJyeu,1499086122
1497484861581,Schwein,dB)C^CJgO-,1499086122
1497484861582,schwer,v%q[oy?}b4,1499086122
1497484861583,schlimm,A)VjhWpz&%,1499086122
1497484861584,Schloss,Hf2r|WnCYj,1499086122
1497484861585,schwierig,gq+y?X}FVL,1499086122
1497484861586,Schwimmbad,cqoIx61vzp,1499086122
1497484861587,Schluss,I#|.j@fKc{,1499086122
1497484861588,schwimmen,"E/D;i,Z/^H",1499086122
1497484861589,See (Teich),mb7%$r^UO.,1499086122
1497484861590,Schlüssel,o`<KyJ9*o2,1499086122
1497484861591,schmecken,Zt/1Sy}l],1499086122
1497484861592,See (Meer),O*=W4Tgr=K,1499086122
1497484861593,Schmerz,"zw&B,gq~Gx",1499086122
1497484861594,sehen,Jy0ueL:]O_,1499086122
1497484861595,schmutzig,tDpp]%|%<C,1499086122
1497484861596,Schnee,nP|z1ze8N&,1499086122
1497484861597,sich schneiden,g9.Z=FZA?r,1499086122
1497484861598,schneien,MUfQ?Xxi]],1499086122
1497484861599,Sehenswürdigkeit,q27S=e:D}z,1499086122
1497484861600,sehr,D]<s!lr=?-,1499086122
1497484861601,Seife,C:c3!^~T+{,1499086122
1497484861602,sein,k15H@`6;4K,1499086122
1497484861603,schnell,NrE|O|zVl$,1499086122
1497484861604,Schokolade,zSPD3uoR9+,1499086122
1497484861605,schon,y2&4(8asyQ,1499086122
1497484861606,schön,vt3k}WRP1M,1499086122
1497484861607,Schrank,e_gx#mpvad,1499086122
1497484861608,an sein,J`gx()_fz*,1499086122
1497484861609,aus sein,gsN^Occ_D_,1499086122
1497484861610,auf sein,K8PEJ(NsKR,1499086122
1497484861611,weg sein,"o.]Pm;k,Wq",1499086122
1497484861612,zu sein,hS#%|[MrPR,1499086122
1497484861613,schrecklich,OVJn%H0zZ,1499086122
1497484861614,seit,A?FB8wJy>g,1499086122
1497484861615,Seite,s(/;H&&I-Y,1499086122
1497484861616,schreiben,ov?A=RT*Rt,1499086122
1497484861617,selbst,NGFVFXs:ti,1499086122
1497484861618,Sendung,sT_EuF6(?y,1499086122
1497484861619,schriftlich,oOuAvN57Iv,1499086122
1497484861620,Schuh,j37>G[cKn3,1499086122
1497484861621,Service,Az*QnxSD5Z,1499086122
1497484861622,Schule,LGV~6%@;_s,1499086122
1497484861623,sich setzen,NXZzX#i}#3,1499086122
1497484861624,sicher,"K,8nd6jteM",1499086122
1497484861625,singen,y:HkJ8g}l5,1499086122
1497484861626,spielen,BJcG|MB:Vy,1499086122
1497484861627,Sport,L_6582;=>D,1499086122
1497484861628,sportlich,mXLd$d?&|l,1499086122
1497484861629,Situation,CoO}VnKEB;,1499086122
1497484861630,Sportplatz,l!7vEOd6UD,1499086122
1497484861631,sitzen,mVqi9Do+@3,1499086122
1497484861632,sprechen,wcN`$_{B/G,1499086122
1497484861633,Sprache,G@Qc4KMW{~,1499086122
1497484861634,Ski,Ik_`U%My}H,1499086122
1497484861635,so,DLk`j0!p`6,1499086122
1497484861636,Sprechstunde,QVH-B$[)v_,1499086122
1497484861637,Stadt,v5%7jLTT6w,1499086122
1497484861638,Sofa,bQ}L7$-_jx,1499086122
1497484861639,Stadtplan,qr/oDcG?e7,1499086122
1497484861640,Star,lMKCIx1INl,1499086122
1497484861641,sofort,uge;U&31U,1499086122
1497484861642,stark,F1F#Wif%S;,1499086122
1497484861643,sogar,EC%r(4n-ki,1499086122
1497484861644,stattfinden,n|cTvvry9-,1499086122
1497484861645,sollen,bhfN#4C.id,1499086122
1497484861646,stehen,NNGSOscXxg,1499086122
1497484861647,Sonne,H=W=x:0._s,1499086122
1497484861648,sonnig,y6bi|4Ym=i,1499086122
1497484861649,Stelle,pbIp#qfIW8,1499086122
1497484861650,sonst,"wGGf,h<8[e",1499086122
1497484861651,stellen,ze5kNYxK3=,1499086122
1497484861652,spannend,"oupFu.Q,-C",1499086122
1497484861653,sparen,Ig?P;OH`tZ,1499086122
1497484861654,sterben,O3m/CNqH;z,1499086122
1497484861655,Spaß,ENq+^KT>jj,1499086122
1497484861656,Stiefel,emHRxZ(y:B,1499086122
1497484861657,Stift,QF2Ui+&b)/,1499086122
1497484861658,Stipendium,"F_4,`Gks+G",1499086122
1497484861659,spät,"P<,xOBPAOn",1499086122
1497484861660,später,zg~3xCNX6i,1499086122
1497484861661,Stock,Aa{j!X`/Yo,1499086122
1497484861662,spazieren gehen,A?;qd.G^r7,1499086122
1497484861663,Stockwerk,KRC$<DhT92,1499086122
1497484861664,Spaziergang,d#gsjS:i+j,1499086122
1497484861665,stören,P$(#kkWZDY,1499086122
1497484861666,Strand,FM[oUo7Jhe,1499086122
1497484861667,speichern,v0nw`qa0we,1499086122
1497484861668,Straße,Kd1mBaYGlv,1499086122
1497484861669,Straßenbahn,Nw)j;-_pb9,1499086122
1497484861670,Speisekarte,oS_|wjnIyK,1499086122
1497484861671,Spiel,NgWj5:?;ad,1499086122
1497484861672,sich streiten,l$S]1I#~0;,1499086122
1497484861673,streng,j{`oS-@PB4,1499086122
1497484861674,Stress,L88*!w78#Q,1499086122
1497484861675,stressig,nKC`;iz;<6,1499086122
1497484861676,teilnehmen,"I,/s/s`a<v",1499086122
1497484861677,Stück,cYtZV@(QjE,1499086122
1497484861678,Telefon,bjlSt73?)/,1499086122
1497484861679,telefonieren,m/{PUwuRcm,1499086122
1497484861680,Student,c)8E>pyrO:,1499086122
1497484861681,Studentin,tSUh=}w?Ni,1499086122
1497484861682,studieren,iMdG#oSXTz,1499086122
1497484861683,Teller,OwG(Z:f[]@,1499086122
1497484861684,Tennis,P^QnVQ|T}J,1499086122
1497484861685,Studium,cA.uWZ2C;J,1499086122
1497484861686,Stuhl,h*dN9OEf.&,1499086122
1497484861687,suchen,eNVbXQ;mqm,1499086122
1497484861688,Termin,IqzhWyMM?x,1499086122
1497484861689,teuer,pR|YQ4)PZy,1499086122
1497484861690,Text,C%PQ96uhRs,1499086122
1497484861691,Theater,xJEVnD(DJ),1499086122
1497484861692,super,MbXqWDVt.@,1499086122
1497484861693,Thema,wAV5KRv&Jh,1499086122
1497484861694,Ticket,JXt=.~&!J0,1499086122
1497484861695,Supermarkt,s3[t!aQ+wF,1499086122
1497484861696,Suppe,J`aR3mu$kW,1499086122
1497484861697,tief,"P|hw;y),;z",1499086122
1497484861698,Tier,g@U~-*&v0R,1499086122
1497484861699,surfen,dn0^T;AjYO,1499086122
1497484861700,süß,Jx&FQ7QsYm,1499086122
1497484861701,Tipp,fau+zf}J}S,1499086122
1497484861702,Tisch,b:C:^9F%f^,1499086122
1497484861703,Titel,E)F0.FV_kz,1499086122
1497484861704,Süßigkeiten,k}-}tHF~$y,1499086122
1497484861705,Toilette,M/.hd9N:lU,1499086122
1497484861706,sympathisch,n$2j{:Ms`S,1499086122
1497484861707,toll,l^bA~?.5q;,1499086122
1497484861708,Tomate,"mG5nA,[zgZ",1499086122
1497484861709,Topf,iFq{lL(s*7,1499086122
1497484861710,Tablet,B]@}em*C^A,1499086122
1497484861711,Tablette,xv#+H6[0DZ,1499086122
1497484861712,Torte,M{KC;&Mn65,1499086122
1497484861713,tot,QR_GOU79&m,1499086122
1497484861714,Tafel,nHRbn_8dgf,1499086122
1497484861715,total,LEvNpE1hT.,1499086122
1497484861716,Tour,t1`(iUJ*pw,1499086122
1497484861717,tanzen,rHo5AivL?d,1499086122
1497484861718,Tasche,"QbQ/K7Zb,J",1499086122
1497484861719,Tourist,HTmXx+nwp#,1499086122
1497484861720,Touristin,oANhT8&q`X,1499086122
1497484861721,tragen,NE5h_JPr}),1499086122
1497484861722,Taschengeld,cQOQz8o:c6,1499086122
1497484861723,trainieren,D&~3BBaRqU,1499086122
1497484861724,Tasse,t-/d5_pVRo,1499086122
1497484861725,austauschen,y=`PpKh4*P,1499086122
1497484861726,tauschen,e9mL6^QhcL,1499086122
1497484861727,Taxi,N}bM60Vld^,1499086122
1497484861728,Training,Dm^l^Si?(e,1499086122
1497484861729,Traum,uIyEK*j^$~,1499086122
1497484861730,träumen,BEjO!g}YC`,1499086122
1497484861731,Team,nmB-2G06oU,1499086122
1497484861732,Tee,z.6YX)h>7W,1499086122
1497484861733,traurig,OA}_Cw0mX`,1499086122
1497484861734,teilen,Hwc2+mHxU!,1499086122
1497484861735,sich treffen,CK:6mZ6cfe,1499086122
1497484861736,unbedingt,m>x.GI:!x6,1499086122
1497484861737,und,O8d2WjCfzZ,1499086122
1497484861738,Treppe,J=KyX$}l7<,1499086122
1497484861739,Unfall,K|C%J>;DI$,1499086122
1497484861740,trinken,EEgr=k.$Cd,1499086122
1497484861741,trocken,b#]aqqV~o6,1499086122
1497484861742,Universität,B52M1WHdy:,1499086122
1497484861743,unten,lFMKg9;ZCt,1499086122
1497484861744,unter,M6|F;<|_[n,1499086122
1497484861745,tschüs,G?q!&|Gdqj,1499086122
1497484861746,T-Shirt,"nr<~-b&g,.",1499086122
1497484861747,sich unterhalten,Bf2@v4%&dl,1499086122
1497484861748,tun,G/os*AB(M$,1499086122
1497484861749,Tür,qa!@>1z/?a,1499086122
1497484861750,Unterkunft,C67&BnZ(ey,1499086122
1497484861751,unternehmen,J92;(@@]74,1499086122
1497484861752,typisch,CMC=xwRUV_,1499086122
1497484861753,Unterricht,HJ)-Ba<EpL,1499086122
1497484861754,üben,QRf2Sd<5Bf,1499086122
1497484861755,Unterschied,G5PVUq@Mg+,1499086122
1497484861756,unterschreiben,PkMJVMnp85,1499086122
1497484861757,über,oUN|>dVY*W,1499086122
1497484861758,überall,iEqlsv@&vg,1499086122
1497484861759,übermorgen,HvAgR9]yFE,1499086122
1497484861760,Unterschrift,i@l(Xl+Shq,1499086122
1497484861761,untersuchen,pD:OW31A-e,1499086122
1497484861762,unterwegs sein,AvMdxVHUvF,1499086122
1497484861763,übernachten,M*Ehj?0&vL,1499086122
1497484861764,übersetzen,Nd<x*Mm5rv,1499086122
1497484861765,Urlaub,FC}Myeuap?,1499086122
1497484861766,Übersetzung,fI<}tKv&gw,1499086122
1497484861767,verabredet sein,vq57Iyscqx,1499086122
1497484861768,überweisen,Je*1{tP6Ix,1499086122
1497484861769,Uhr,KniuxXE)c0,1499086122
1497484861770,um,yi9RptraU},1499086122
1497484861771,Veranstaltung,.NglGBvZ@,1499086122
1497484861772,umsteigen,zOWW>phPT%,1499086122
1497484861773,umziehen,g^c|hz/lCq,1499086122
1497484861774,sich umziehen,BNT8=$9O9!,1499086122
1497484861775,verboten sein,b:r@+fQQhI,1499086122
1497484861776,verbieten,vX@Z9!t<VX,1499086122
1497484861777,verdienen,Jo7g)x%gMv,1499086122
1497484861778,Verein,EHO{O1iIf`,1499086122
1497484861779,vereinbaren,FsRS;GYfV:,1499086122
1497484861780,vergessen,:Ex&0!w{s,1499086122
1497484861781,Umzug,i(LBd&{*LK,1499086122
1497484861782,vergleichen,ussf#OJbpt,1499086122
1497484861783,verkaufen,xbWCkWC3ri,1499086122
1497484861784,Volleyball,m?VcPDTwZ*,1499086122
1497484861785,von,Mq}5}TED:9,1499086122
1497484861786,vor,e9-KA$nYIE,1499086122
1497484861787,vorbei,"LUp.KL,r>^",1499086122
1497484861788,Verkehr,rK}v`GQ1la,1499086122
1497484861789,Verkehrsmittel,Olg&Zgd1.U,1499086122
1497484861790,vorbereiten,h7t;;pRn^1,1499086122
1497484861791,sich verletzen,"jO,N7VsI*i",1499086122
1497484861792,sich verlieben,r@Y1a~9+6X,1499086122
1497484861793,vorgestern,N/!J+tVvS/,1499086122
1497484861794,vorher,E%]#n=GV_4,1499086122
1497484861795,vorne,Cq%T}13avZ,1499086122
1497484861796,verlieren,P2WXycw*xV,1499086122
1497484861797,Vorname,e!_ZK[2-_l,1499086122
1497484861798,Vorschlag,E&Lh7n1kA6,1499086122
1497484861799,vermieten,v3gmSnE>#5,1499086122
1497484861800,vorsichtig,pypP{XI8r`,1499086122
1497484861801,Vermieter,qK8Y&wp$5&,1499086122
1497484861802,Vermieterin,D)6p~!GlP&,1499086122
1497484861803,verpassen,IM~>`ct]O&,1499086122
1497484861804,sich vorstellen,FG#2;4Bcy/,1499086122
1497484861805,verreisen,s=7TU54^Xk,1499086122
1497484861806,vorwärts,LI-IpdwA.1,1499086122
1497484861807,verschieben,tmXj27<a)h,1499086122
1497484861808,wach,c2NLu)@em8,1499086122
1497484861809,Wagen,knL3iR89)G,1499086122
1497484861810,wählen,O<GR7$D%(W,1499086122
1497484861811,verschieden,l{R0!q]]O{,1499086122
1497484861812,Verspätung,mh$t8<LxfM,1499086122
1497484861813,verstehen,e~tD@PZh1g,1499086122
1497484861814,wahr,Qm[_rkF433,1499086122
1497484861815,wahrscheinlich,JVcm{4@c>1,1499086122
1497484861816,versuchen,KQ1V6FKlow,1499086122
1497484861817,Wald,e8f_@XP>/2,1499086122
1497484861818,Vertrag,I.dl^a5yt),1499086122
1497484861819,wandern,biSt%&w!oX,1499086122
1497484861820,viel,"r`,gB{ZJat",1499086122
1497484861821,viele,mG]8%Cie/:,1499086122
1497484861822,wann,K-X(FaGi%o,1499086122
1497484861823,vielleicht,e#*ZL]dnPs,1499086122
1497484861824,warm,w0Zh_Oo;p$,1499086122
1497484861825,Vogel,ppQfTo]O(A,1499086122
1497484861826,warten,gSTP$%qq};,1499086122
1497484861827,voll,jA7iy{!bM*,1499086122
1497484861828,warum,qbWHawaD[I,1499086122
1497484861829,was,Kw7rLDbRX7,1499086122
1497484861830,wenn,LL=5QfO)-w,1499086122
1497484861831,wer,ezeYv))VG|,1499086122
1497484861832,wen,b7Pl3BpbZ+,1499086122
1497484861833,wem,xX$xj2!*OU,1499086122
1497484861834,Wäsche,O?h#GvxU64,1499086122
1497484861835,werden,p`Zcjg7p%E,1499086122
1497484861836,sich waschen,DM;C695$hA,1499086122
1497484861837,Wasser,zURgN<.RhQ,1499086122
1497484861838,Werkstatt,Q:`qBtS)7_,1499086122
1497484861839,Wettbewerb,r^ZP$Al097,1499086122
1497484861840,Wetter,btggSJdE&5,1499086122
1497484861841,Webseite,P`Ib7ofyXF,1499086122
1497484861842,wechseln,D]GPodo]]g,1499086122
1497484861843,wichtig,l)VfdoDp[z,1499086122
1497484861844,wecken,DyoY@Po)b[,1499086122
1497484861845,wie,wgGzK=aXmn,1499086122
1497484861846,wie viel,JBg1h{^}kS,1499086122
1497484861847,weg,I?Bi9tQ1;c,1499086122
1497484861848,wegbringen,h<9*:mfPtY,1499086122
1497484861849,wegfahren,ztG=82oeWR,1499086122
1497484861850,weggehen,nY-+sed!TE,1499086122
1497484861851,weglaufen,b>9uwCWdy%,1499086122
1497484861852,wegmachen,nw_l9CU[&-,1499086122
1497484861853,wegnehmen,wYAS;I>{/z,1499086122
1497484861854,wegwerfen,j&KH:=hd`~,1499086122
1497484861855,wieder,bFI<nzZRI~,1499086122
1497484861856,wiederholen,iG3?Gz;xYc,1499086122
1497484861857,Weg,FMKPYf-Iz.,1499086122
1497484861858,wegen,jRx?M>c7nl,1499086122
1497484861859,wehtun,k!-m#QBO^T,1499086122
1497484861860,Wiederhören,q(Zoh4!.K9,1499086122
1497484861861,Wiedersehen,j4x;m1sfyJ,1499086122
1497484861862,weiblich,M=X}Q[RTM^,1499086122
1497484861863,willkommen,N;j$UdyR0=,1499086122
1497484861864,Wind,AzR7WYrP|F,1499086122
1497484861865,weich,kqmc^>13z,1499086122
1497484861866,windig,ym:dr{r+:4,1499086122
1497484861867,weil,f`v.&a|ho@,1499086122
1497484861868,Wein,LRqwe/hZza,1499086122
1497484861869,wirklich,C6-G6K.r{u,1499086122
1497484861870,wissen,"xD@,rIa56l",1499086122
1497484861871,weinen,B^NtXe93R},1499086122
1497484861872,weit,o1n}A5x.09,1499086122
1497484861873,weiter,IU@YptbzK*,1499086122
1497484861874,weitermachen,DbkR@9nID@,1499086122
1497484861875,weiterhelfen,zh5D*pVI-i,1499086122
1497484861876,welcher,tPKxH850qJ,1499086122
1497484861877,Witz,x]=j=c{5s<,1499086122
1497484861878,witzig,5xNCk:cv$,1499086122
1497484861879,wo,O^u@z7T8zv,1499086122
1497484861880,woher,"Q,oZQhU7Wg",1499086122
1497484861881,wohin,rjJB{ie7x4,1499086122
1497484861882,wohnen,k<UY6#2J(D,1499086122
1497484861883,Welt,iE}21fl|2^,1499086122
1497484861884,wenig,pgAKH.SD9Y,1499086122
1497484861885,wenigstens,Qq5@b*bpv.,1499086122
1497484861886,Wohnung,Q0k2J<-Y*i,1499086122
1497484861887,Wohnzimmer,iL%U0*2c0k,1499086122
1497484861888,Wolke,n%}`]H1l6.,1499086122
1497484861889,Zimmer,wD8JTlllAh,1499086122
1497484861890,wollen,e@udQ)}]Y8,1499086122
1497484861891,Zirkus,z9F7U%=4=V,1499086122
1497484861892,Workshop,lj3*tnD>]A,1499086122
1497484861893,Zitrone,J(P{#6|;4y,1499086122
1497484861894,Zoo,N(Ug~o_(;K,1499086122
1497484861895,zu,J]h8PE3qUW,1499086122
1497484861896,Wort,r0Wqh-uda0,1499086122
1497484861897,wunderbar,l2>]!p#R^m,1499086122
1497484861898,Wunsch,"o#@2jGN{;,",1499086122
1497484861899,wünschen,yh4iD%N45X,1499086122
1497484861900,Zucker,I9.5.Sufs!,1499086122
1497484861901,zuerst,DV70+I]t`9,1499086122
1497484861902,Wurst,HK[$Ed&-{a,1499086122
1497484861903,zufrieden,K]klv.Ut4x,1499086122
1497484861904,Zug,QSmrzD~?K],1499086122
1497484861905,zuhören,fovyC$q(7S,1499086122
1497484861906,zuletzt,k<o&%Uxcus,1499086122
1497484861907,Zahl,l{4tT)xFE:,1499086122
1497484861908,zahlen,M}tixXehRA,1499086122
1497484861909,Zahn,"n=lKo.2,Xo",1499086122
1497484861910,zeichnen,"rj(R,ee|aL",1499086122
1497484861911,zum Beispiel,"uhr,v0Flvf",1499086122
1497484861912,zumachen,w4h)q%Y_eG,1499086122
1497484861913,zeigen,oifY%KlUwu,1499086122
1497484861914,zurück,BnEYC#!|ry,1499086122
1497484861915,Zeit,g[-!grh:Oe,1499086122
1497484861916,zurückfahren,siV;+EX!_,1499086122
1497484861917,zurückgeben,M5V=@AbzD(,1499086122
1497484861918,zurückgehen,"G,!we[GQ|a",1499086122
1497484861919,zurückkommen,Q!}1PVdVA[,1499086122
1497484861920,zurücklaufen,h`V~]ia.Dt,1499086122
1497484861921,Zeitschrift,ER/ASV0RTA,1499086122
1497484861922,Zeitung,bICe}42DS!,1499086122
1497484861923,Zelt,tR&Xg!^9a#,1499086122
1497484861924,Zentrum,CJkChg.M;Z,1499086122
1497484861925,Zettel,m^$[XT<>(J,1499086122
1497484861926,zusammen,CI=tSX@t%C,1499086122
1497484861927,zwischen,Htg<8ZEn#[,1499086122
1497484861928,Zeugnis,"P^ay[g,IqK",1499086122
1497484861929,anziehen,"C39sM,Fr_N",1499086122
1497484861930,ausziehen,k7)p3>w=&w,1499086122
1497484861931,Ziel,h@TDhE+:-8,1499086122
