card_id,anki_note_id,ord
1497484861934,1497484860718,0
1497484861935,1497484860718,1
1497484861936,1497484860719,0
1497484861937,1497484860719,1
1497484861938,1497484860720,0
1497484861939,1497484860720,1
1497484861940,1497484860721,0
1497484861941,1497484860721,1
1497484861942,1497484860722,0
1497484861943,1497484860722,1
1497484861944,1497484860723,0
1497484861945,1497484860723,1
1497484861946,1497484860724,0
1497484861947,1497484860724,1
1497484861948,1497484860725,0
1497484861949,1497484860725,1
1497484861950,1497484860726,0
1497484861951,1497484860726,1
1497484861952,1497484860727,0
1497484861953,1497484860727,1
1497484861954,1497484860728,0
1497484861955,1497484860728,1
1497484861956,1497484860729,0
1497484861957,1497484860729,1
1497484861958,1497484860730,0
1497484861959,1497484860730,1
1497484861960,1497484860731,0
1497484861961,1497484860731,1
1497484861962,1497484860732,0
1497484861963,1497484860732,1
1497484861964,1497484860733,0
1497484861965,1497484860733,1
1497484861966,1497484860734,0
1497484861967,1497484860734,1
1497484861968,1497484860735,0
1497484861969,1497484860735,1
1497484861970,1497484860736,0
1497484861971,1497484860736,1
1497484861972,1497484860737,0
1497484861973,1497484860737,1
1497484861974,1497484860738,0
1497484861975,1497484860738,1
1497484861976,1497484860739,0
1497484861977,1497484860739,1
1497484861978,1497484860740,0
1497484861979,1497484860740,1
1497484861980,1497484860741,0
1497484861981,1497484860741,1
1497484861982,1497484860742,0
1497484861983,1497484860742,1
1497484861984,1497484860743,0
1497484861985,1497484860743,1
1497484861986,1497484860744,0
1497484861987,1497484860744,1
1497484861988,1497484860745,0
1497484861989,1497484860745,1
1497484861990,1497484860746,0
1497484861991,1497484860746,1
1497484861992,1497484860747,0
1497484861993,1497484860747,1
1497484861994,1497484860748,0
1497484861995,1497484860748,1
1497484861996,1497484860749,0
1497484861997,1497484860749,1
1497484861998,1497484860750,0
1497484861999,1497484860750,1
1497484862000,1497484860751,0
1497484862001,1497484860751,1
1497484862002,1497484860752,0
1497484862003,1497484860752,1
1497484862004,1497484860753,0
1497484862005,1497484860753,1
1497484862006,1497484860754,0
1497484862007,1497484860754,1
1497484862008,1497484860755,0
1497484862009,1497484860755,1
1497484862010,1497484860756,0
1497484862011,1497484860756,1
1497484862012,1497484860757,0
1497484862013,1497484860757,1
1497484862014,1497484860758,0
1497484862015,1497484860758,1
1497484862016,1497484860759,0
1497484862017,1497484860759,1
1497484862018,1497484860760,0
1497484862019,1497484860760,1
1497484862020,1497484860761,0
1497484862021,1497484860761,1
1497484862022,1497484860762,0
1497484862023,1497484860762,1
1497484862024,1497484860763,0
1497484862025,1497484860763,1
1497484862026,1497484860764,0
1497484862027,1497484860764,1
1497484862028,1497484860765,0
1497484862029,1497484860765,1
1497484862030,1497484860766,0
1497484862031,1497484860766,1
1497484862032,1497484860767,0
1497484862033,1497484860767,1
1497484862034,1497484860768,0
1497484862035,1497484860768,1
1497484862036,1497484860769,0
1497484862037,1497484860769,1
1497484862038,1497484860770,0
1497484862039,1497484860770,1
1497484862040,1497484860771,0
1497484862041,1497484860771,1
1497484862042,1497484860772,0
1497484862043,1497484860772,1
1497484862044,1497484860773,0
1497484862045,1497484860773,1
1497484862046,1497484860774,0
1497484862047,1497484860774,1
1497484862048,1497484860775,0
1497484862049,1497484860775,1
1497484862050,1497484860776,0
1497484862051,1497484860776,1
1497484862052,1497484860777,0
1497484862053,1497484860777,1
1497484862054,1497484860778,0
1497484862055,1497484860778,1
1497484862056,1497484860779,0
1497484862057,1497484860779,1
1497484862058,1497484860780,0
1497484862059,1497484860780,1
1497484862060,1497484860781,0
1497484862061,1497484860781,1
1497484862062,1497484860782,0
1497484862063,1497484860782,1
1497484862064,1497484860783,0
1497484862065,1497484860783,1
1497484862066,1497484860784,0
1497484862067,1497484860784,1
1497484862068,1497484860785,0
1497484862069,1497484860785,1
1497484862070,1497484860786,0
1497484862071,1497484860786,1
1497484862072,1497484860787,0
1497484862073,1497484860787,1
1497484862074,1497484860788,0
1497484862075,1497484860788,1
1497484862076,1497484860789,0
1497484862077,1497484860789,1
1497484862078,1497484860790,0
1497484862079,1497484860790,1
1497484862080,1497484860791,0
1497484862081,1497484860791,1
1497484862082,1497484860792,0
1497484862083,1497484860792,1
1497484862084,1497484860793,0
1497484862085,1497484860793,1
1497484862086,1497484860794,0
1497484862087,1497484860794,1
1497484862088,1497484860795,0
1497484862089,1497484860795,1
1497484862090,1497484860796,0
1497484862091,1497484860796,1
1497484862092,1497484860797,0
1497484862093,1497484860797,1
1497484862094,1497484860798,0
1497484862095,1497484860798,1
1497484862096,1497484860799,0
1497484862097,1497484860799,1
1497484862098,1497484860800,0
1497484862099,1497484860800,1
1497484862100,1497484860801,0
1497484862101,1497484860801,1
1497484862102,1497484860802,0
1497484862103,1497484860802,1
1497484862104,1497484860803,0
1497484862105,1497484860803,1
1497484862106,1497484860804,0
1497484862107,1497484860804,1
1497484862108,1497484860805,0
1497484862109,1497484860805,1
1497484862110,1497484860806,0
1497484862111,1497484860806,1
1497484862112,1497484860807,0
1497484862113,1497484860807,1
1497484862114,1497484860808,0
1497484862115,1497484860808,1
1497484862116,1497484860809,0
1497484862117,1497484860809,1
1497484862118,1497484860810,0
1497484862119,1497484860810,1
1497484862120,1497484860811,0
1497484862121,1497484860811,1
1497484862122,1497484860812,0
1497484862123,1497484860812,1
1497484862124,1497484860813,0
1497484862125,1497484860813,1
1497484862126,1497484860814,0
1497484862127,1497484860814,1
1497484862128,1497484860815,0
1497484862129,1497484860815,1
1497484862130,1497484860816,0
1497484862131,1497484860816,1
1497484862132,1497484860817,0
1497484862133,1497484860817,1
1497484862134,1497484860818,0
1497484862135,1497484860818,1
1497484862136,1497484860819,0
1497484862137,1497484860819,1
1497484862138,1497484860820,0
1497484862139,1497484860820,1
1497484862140,1497484860821,0
1497484862141,1497484860821,1
1497484862142,1497484860822,0
1497484862143,1497484860822,1
1497484862144,1497484860823,0
1497484862145,1497484860823,1
1497484862146,1497484860824,0
1497484862147,1497484860824,1
1497484862148,1497484860825,0
1497484862149,1497484860825,1
1497484862150,1497484860826,0
1497484862151,1497484860826,1
1497484862152,1497484860827,0
1497484862153,1497484860827,1
1497484862154,1497484860828,0
1497484862155,1497484860828,1
1497484862156,1497484860829,0
1497484862157,1497484860829,1
1497484862158,1497484860830,0
1497484862159,1497484860830,1
1497484862160,1497484860831,0
1497484862161,1497484860831,1
1497484862162,1497484860832,0
1497484862163,1497484860832,1
1497484862164,1497484860833,0
1497484862165,1497484860833,1
1497484862166,1497484860834,0
1497484862167,1497484860834,1
1497484862168,1497484860835,0
1497484862169,1497484860835,1
1497484862170,1497484860836,0
1497484862171,1497484860836,1
1497484862172,1497484860837,0
1497484862173,1497484860837,1
1497484862174,1497484860838,0
1497484862175,1497484860838,1
1497484862176,1497484860839,0
1497484862177,1497484860839,1
1497484862178,1497484860840,0
1497484862179,1497484860840,1
1497484862180,1497484860841,0
1497484862181,1497484860841,1
1497484862182,1497484860842,0
1497484862183,1497484860842,1
1497484862184,1497484860843,0
1497484862185,1497484860843,1
1497484862186,1497484860844,0
1497484862187,1497484860844,1
1497484862188,1497484860845,0
1497484862189,1497484860845,1
1497484862190,1497484860846,0
1497484862191,1497484860846,1
1497484862192,1497484860847,0
1497484862193,1497484860847,1
1497484862194,1497484860848,0
1497484862195,1497484860848,1
1497484862196,1497484860849,0
1497484862197,1497484860849,1
1497484862198,1497484860850,0
1497484862199,1497484860850,1
1497484862200,1497484860851,0
1497484862201,1497484860851,1
1497484862202,1497484860852,0
1497484862203,1497484860852,1
1497484862204,1497484860853,0
1497484862205,1497484860853,1
1497484862206,1497484860854,0
1497484862207,1497484860854,1
1497484862208,1497484860855,0
1497484862209,1497484860855,1
1497484862210,1497484860856,0
1497484862211,1497484860856,1
1497484862212,1497484860857,0
1497484862213,1497484860857,1
1497484862214,1497484860858,0
1497484862215,1497484860858,1
1497484862216,1497484860859,0
1497484862217,1497484860859,1
1497484862218,1497484860860,0
1497484862219,1497484860860,1
1497484862220,1497484860861,0
1497484862221,1497484860861,1
1497484862222,1497484860862,0
1497484862223,1497484860862,1
1497484862224,1497484860863,0
1497484862225,1497484860863,1
1497484862226,1497484860864,0
1497484862227,1497484860864,1
1497484862228,1497484860865,0
1497484862229,1497484860865,1
1497484862230,1497484860866,0
1497484862231,1497484860866,1
1497484862232,1497484860867,0
1497484862233,1497484860867,1
1497484862234,1497484860868,0
1497484862235,1497484860868,1
1497484862236,1497484860869,0
1497484862237,1497484860869,1
1497484862238,1497484860870,0
1497484862239,1497484860870,1
1497484862240,1497484860871,0
1497484862241,1497484860871,1
1497484862242,1497484860872,0
1497484862243,1497484860872,1
1497484862244,1497484860873,0
1497484862245,1497484860873,1
1497484862246,1497484860874,0
1497484862247,1497484860874,1
1497484862248,1497484860875,0
1497484862249,1497484860875,1
1497484862250,1497484860876,0
1497484862251,1497484860876,1
1497484862252,1497484860877,0
1497484862253,1497484860877,1
1497484862254,1497484860878,0
1497484862255,1497484860878,1
1497484862256,1497484860879,0
1497484862257,1497484860879,1
1497484862258,1497484860880,0
1497484862259,1497484860880,1
1497484862260,1497484860881,0
1497484862261,1497484860881,1
1497484862262,1497484860882,0
1497484862263,1497484860882,1
1497484862264,1497484860883,0
1497484862265,1497484860883,1
1497484862266,1497484860884,0
1497484862267,1497484860884,1
1497484862268,1497484860885,0
1497484862269,1497484860885,1
1497484862270,1497484860886,0
1497484862271,1497484860886,1
1497484862272,1497484860887,0
1497484862273,1497484860887,1
1497484862274,1497484860888,0
1497484862275,1497484860888,1
1497484862276,1497484860889,0
1497484862277,1497484860889,1
1497484862278,1497484860890,0
1497484862279,1497484860890,1
1497484862280,1497484860891,0
1497484862281,1497484860891,1
1497484862282,1497484860892,0
1497484862283,1497484860892,1
1497484862284,1497484860893,0
1497484862285,1497484860893,1
1497484862286,1497484860894,0
1497484862287,1497484860894,1
1497484862288,1497484860895,0
1497484862289,1497484860895,1
1497484862290,1497484860896,0
1497484862291,1497484860896,1
1497484862292,1497484860897,0
1497484862293,1497484860897,1
1497484862294,1497484860898,0
1497484862295,1497484860898,1
1497484862296,1497484860899,0
1497484862297,1497484860899,1
1497484862298,1497484860900,0
1497484862299,1497484860900,1
1497484862300,1497484860901,0
1497484862301,1497484860901,1
1497484862302,1497484860902,0
1497484862303,1497484860902,1
1497484862304,1497484860903,0
1497484862305,1497484860903,1
1497484862306,1497484860904,0
1497484862307,1497484860904,1
1497484862308,1497484860905,0
1497484862309,1497484860905,1
1497484862310,1497484860906,0
1497484862311,1497484860906,1
1497484862312,1497484860907,0
1497484862313,1497484860907,1
1497484862314,1497484860908,0
1497484862315,1497484860908,1
1497484862316,1497484860909,0
1497484862317,1497484860909,1
1497484862318,1497484860910,0
1497484862319,1497484860910,1
1497484862320,1497484860911,0
1497484862321,1497484860911,1
1497484862322,1497484860912,0
1497484862323,1497484860912,1
1497484862324,1497484860913,0
1497484862325,1497484860913,1
1497484862326,1497484860914,0
1497484862327,1497484860914,1
1497484862328,1497484860915,0
1497484862329,1497484860915,1
1497484862330,1497484860916,0
1497484862331,1497484860916,1
1497484862332,1497484860917,0
1497484862333,1497484860917,1
1497484862334,1497484860918,0
1497484862335,1497484860918,1
1497484862336,1497484860919,0
1497484862337,1497484860919,1
1497484862338,1497484860920,0
1497484862339,1497484860920,1
1497484862340,1497484860921,0
1497484862341,1497484860921,1
1497484862342,1497484860922,0
1497484862343,1497484860922,1
1497484862344,1497484860923,0
1497484862345,1497484860923,1
1497484862346,1497484860924,0
1497484862347,1497484860924,1
1497484862348,1497484860925,0
1497484862349,1497484860925,1
1497484862350,1497484860926,0
1497484862351,1497484860926,1
1497484862352,1497484860927,0
1497484862353,1497484860927,1
1497484862354,1497484860928,0
1497484862355,1497484860928,1
1497484862356,1497484860929,0
1497484862357,1497484860929,1
1497484862358,1497484860930,0
1497484862359,1497484860930,1
1497484862360,1497484860931,0
1497484862361,1497484860931,1
1497484862362,1497484860932,0
1497484862363,1497484860932,1
1497484862364,1497484860933,0
1497484862365,1497484860933,1
1497484862366,1497484860934,0
1497484862367,1497484860934,1
1497484862368,1497484860935,0
1497484862369,1497484860935,1
1497484862370,1497484860936,0
1497484862371,1497484860936,1
1497484862372,1497484860937,0
1497484862373,1497484860937,1
1497484862374,1497484860938,0
1497484862375,1497484860938,1
1497484862376,1497484860939,0
1497484862377,1497484860939,1
1497484862378,1497484860940,0
1497484862379,1497484860940,1
1497484862380,1497484860941,0
1497484862381,1497484860941,1
1497484862382,1497484860942,0
1497484862383,1497484860942,1
1497484862384,1497484860943,0
1497484862385,1497484860943,1
1497484862386,1497484860944,0
1497484862387,1497484860944,1
1497484862388,1497484860945,0
1497484862389,1497484860945,1
1497484862390,1497484860946,0
1497484862391,1497484860946,1
1497484862392,1497484860947,0
1497484862393,1497484860947,1
1497484862394,1497484860948,0
1497484862395,1497484860948,1
1497484862396,1497484860949,0
1497484862397,1497484860949,1
1497484862398,1497484860950,0
1497484862399,1497484860950,1
1497484862400,1497484860951,0
1497484862401,1497484860951,1
1497484862402,1497484860952,0
1497484862403,1497484860952,1
1497484862404,1497484860953,0
1497484862405,1497484860953,1
1497484862406,1497484860954,0
1497484862407,1497484860954,1
1497484862408,1497484860955,0
1497484862409,1497484860955,1
1497484862410,1497484860956,0
1497484862411,1497484860956,1
1497484862412,1497484860957,0
1497484862413,1497484860957,1
1497484862414,1497484860958,0
1497484862415,1497484860958,1
1497484862416,1497484860959,0
1497484862417,1497484860959,1
1497484862418,1497484860960,0
1497484862419,1497484860960,1
1497484862420,1497484860961,0
1497484862421,1497484860961,1
1497484862422,1497484860962,0
1497484862423,1497484860962,1
1497484862424,1497484860963,0
1497484862425,1497484860963,1
1497484862426,1497484860964,0
1497484862427,1497484860964,1
1497484862428,1497484860965,0
1497484862429,1497484860965,1
1497484862430,1497484860966,0
1497484862431,1497484860966,1
1497484862432,1497484860967,0
1497484862433,1497484860967,1
1497484862434,1497484860968,0
1497484862435,1497484860968,1
1497484862436,1497484860969,0
1497484862437,1497484860969,1
1497484862438,1497484860970,0
1497484862439,1497484860970,1
1497484862440,1497484860971,0
1497484862441,1497484860971,1
1497484862442,1497484860972,0
1497484862443,1497484860972,1
1497484862444,1497484860973,0
1497484862445,1497484860973,1
1497484862446,1497484860974,0
1497484862447,1497484860974,1
1497484862448,1497484860975,0
1497484862449,1497484860975,1
1497484862450,1497484860976,0
1497484862451,1497484860976,1
1497484862452,1497484860977,0
1497484862453,1497484860977,1
1497484862454,1497484860978,0
1497484862455,1497484860978,1
1497484862456,1497484860979,0
1497484862457,1497484860979,1
1497484862458,1497484860980,0
1497484862459,1497484860980,1
1497484862460,1497484860981,0
1497484862461,1497484860981,1
1497484862462,1497484860982,0
1497484862463,1497484860982,1
1497484862464,1497484860983,0
1497484862465,1497484860983,1
1497484862466,1497484860984,0
1497484862467,1497484860984,1
1497484862468,1497484860985,0
1497484862469,1497484860985,1
1497484862470,1497484860986,0
1497484862471,1497484860986,1
1497484862472,1497484860987,0
1497484862473,1497484860987,1
1497484862474,1497484860988,0
1497484862475,1497484860988,1
1497484862476,1497484860989,0
1497484862477,1497484860989,1
1497484862478,1497484860990,0
1497484862479,1497484860990,1
1497484862480,1497484860991,0
1497484862481,1497484860991,1
1497484862482,1497484860992,0
1497484862483,1497484860992,1
1497484862484,1497484860993,0
1497484862485,1497484860993,1
1497484862486,1497484860994,0
1497484862487,1497484860994,1
1497484862488,1497484860995,0
1497484862489,1497484860995,1
1497484862490,1497484860996,0
1497484862491,1497484860996,1
1497484862492,1497484860997,0
1497484862493,1497484860997,1
1497484862494,1497484860998,0
1497484862495,1497484860998,1
1497484862496,1497484860999,0
1497484862497,1497484860999,1
1497484862498,1497484861000,0
1497484862499,1497484861000,1
1497484862500,1497484861001,0
1497484862501,1497484861001,1
1497484862502,1497484861002,0
1497484862503,1497484861002,1
1497484862504,1497484861003,0
1497484862505,1497484861003,1
1497484862506,1497484861004,0
1497484862507,1497484861004,1
1497484862508,1497484861005,0
1497484862509,1497484861005,1
1497484862510,1497484861006,0
1497484862511,1497484861006,1
1497484862512,1497484861007,0
1497484862513,1497484861007,1
1497484862514,1497484861008,0
1497484862515,1497484861008,1
1497484862516,1497484861009,0
1497484862517,1497484861009,1
1497484862518,1497484861010,0
1497484862519,1497484861010,1
1497484862520,1497484861011,0
1497484862521,1497484861011,1
1497484862522,1497484861012,0
1497484862523,1497484861012,1
1497484862524,1497484861013,0
1497484862525,1497484861013,1
1497484862526,1497484861014,0
1497484862527,1497484861014,1
1497484862528,1497484861015,0
1497484862529,1497484861015,1
1497484862530,1497484861016,0
1497484862531,1497484861016,1
1497484862532,1497484861017,0
1497484862533,1497484861017,1
1497484862534,1497484861018,0
1497484862535,1497484861018,1
1497484862536,1497484861019,0
1497484862537,1497484861019,1
1497484862538,1497484861020,0
1497484862539,1497484861020,1
1497484862540,1497484861021,0
1497484862541,1497484861021,1
1497484862542,1497484861022,0
1497484862543,1497484861022,1
1497484862544,1497484861023,0
1497484862545,1497484861023,1
1497484862546,1497484861024,0
1497484862547,1497484861024,1
1497484862548,1497484861025,0
1497484862549,1497484861025,1
1497484862550,1497484861026,0
1497484862551,1497484861026,1
1497484862552,1497484861027,0
1497484862553,1497484861027,1
1497484862554,1497484861028,0
1497484862555,1497484861028,1
1497484862556,1497484861029,0
1497484862557,1497484861029,1
1497484862558,1497484861030,0
1497484862559,1497484861030,1
1497484862560,1497484861031,0
1497484862561,1497484861031,1
1497484862562,1497484861032,0
1497484862563,1497484861032,1
1497484862564,1497484861033,0
1497484862565,1497484861033,1
1497484862566,1497484861034,0
1497484862567,1497484861034,1
1497484862568,1497484861035,0
1497484862569,1497484861035,1
1497484862570,1497484861036,0
1497484862571,1497484861036,1
1497484862572,1497484861037,0
1497484862573,1497484861037,1
1497484862574,1497484861038,0
1497484862575,1497484861038,1
1497484862576,1497484861039,0
1497484862577,1497484861039,1
1497484862578,1497484861040,0
1497484862579,1497484861040,1
1497484862580,1497484861041,0
1497484862581,1497484861041,1
1497484862582,1497484861042,0
1497484862583,1497484861042,1
1497484862584,1497484861043,0
1497484862585,1497484861043,1
1497484862586,1497484861044,0
1497484862587,1497484861044,1
1497484862588,1497484861045,0
1497484862589,1497484861045,1
1497484862590,1497484861046,0
1497484862591,1497484861046,1
1497484862592,1497484861047,0
1497484862593,1497484861047,1
1497484862594,1497484861048,0
1497484862595,1497484861048,1
1497484862596,1497484861049,0
1497484862597,1497484861049,1
1497484862598,1497484861050,0
1497484862599,1497484861050,1
1497484862600,1497484861051,0
1497484862601,1497484861051,1
1497484862602,1497484861052,0
1497484862603,1497484861052,1
1497484862604,1497484861053,0
1497484862605,1497484861053,1
1497484862606,1497484861054,0
1497484862607,1497484861054,1
1497484862608,1497484861055,0
1497484862609,1497484861055,1
1497484862610,1497484861056,0
1497484862611,1497484861056,1
1497484862612,1497484861057,0
1497484862613,1497484861057,1
1497484862614,1497484861058,0
1497484862615,1497484861058,1
1497484862616,1497484861059,0
1497484862617,1497484861059,1
1497484862618,1497484861060,0
1497484862619,1497484861060,1
1497484862620,1497484861061,0
1497484862621,1497484861061,1
1497484862622,1497484861062,0
1497484862623,1497484861062,1
1497484862624,1497484861063,0
1497484862625,1497484861063,1
1497484862626,1497484861064,0
1497484862627,1497484861064,1
1497484862628,1497484861065,0
1497484862629,1497484861065,1
1497484862630,1497484861066,0
1497484862631,1497484861066,1
1497484862632,1497484861067,0
1497484862633,1497484861067,1
1497484862634,1497484861068,0
1497484862635,1497484861068,1
1497484862636,1497484861069,0
1497484862637,1497484861069,1
1497484862638,1497484861070,0
1497484862639,1497484861070,1
1497484862640,1497484861071,0
1497484862641,1497484861071,1
1497484862642,1497484861072,0
1497484862643,1497484861072,1
1497484862644,1497484861073,0
1497484862645,1497484861073,1
1497484862646,1497484861074,0
1497484862647,1497484861074,1
1497484862648,1497484861075,0
1497484862649,1497484861075,1
1497484862650,1497484861076,0
1497484862651,1497484861076,1
1497484862652,1497484861077,0
1497484862653,1497484861077,1
1497484862654,1497484861078,0
1497484862655,1497484861078,1
1497484862656,1497484861079,0
1497484862657,1497484861079,1
1497484862658,1497484861080,0
1497484862659,1497484861080,1
1497484862660,1497484861081,0
1497484862661,1497484861081,1
1497484862662,1497484861082,0
1497484862663,1497484861082,1
1497484862664,1497484861083,0
1497484862665,1497484861083,1
1497484862666,1497484861084,0
1497484862667,1497484861084,1
1497484862668,1497484861085,0
1497484862669,1497484861085,1
1497484862670,1497484861086,0
1497484862671,1497484861086,1
1497484862672,1497484861087,0
1497484862673,1497484861087,1
1497484862674,1497484861088,0
1497484862675,1497484861088,1
1497484862676,1497484861089,0
1497484862677,1497484861089,1
1497484862678,1497484861090,0
1497484862679,1497484861090,1
1497484862680,1497484861091,0
1497484862681,1497484861091,1
1497484862682,1497484861092,0
1497484862683,1497484861092,1
1497484862684,1497484861093,0
1497484862685,1497484861093,1
1497484862686,1497484861094,0
1497484862687,1497484861094,1
1497484862688,1497484861095,0
1497484862689,1497484861095,1
1497484862690,1497484861096,0
1497484862691,1497484861096,1
1497484862692,1497484861097,0
1497484862693,1497484861097,1
1497484862694,1497484861098,0
1497484862695,1497484861098,1
1497484862696,1497484861099,0
1497484862697,1497484861099,1
1497484862698,1497484861100,0
1497484862699,1497484861100,1
1497484862700,1497484861101,0
1497484862701,1497484861101,1
1497484862702,1497484861102,0
1497484862703,1497484861102,1
1497484862704,1497484861103,0
1497484862705,1497484861103,1
1497484862706,1497484861104,0
1497484862707,1497484861104,1
1497484862708,1497484861105,0
1497484862709,1497484861105,1
1497484862710,1497484861106,0
1497484862711,1497484861106,1
1497484862712,1497484861107,0
1497484862713,1497484861107,1
1497484862714,1497484861108,0
1497484862715,1497484861108,1
1497484862716,1497484861109,0
1497484862717,1497484861109,1
1497484862718,1497484861110,0
1497484862719,1497484861110,1
1497484862720,1497484861111,0
1497484862721,1497484861111,1
1497484862722,1497484861112,0
1497484862723,1497484861112,1
1497484862724,1497484861113,0
1497484862725,1497484861113,1
1497484862726,1497484861114,0
1497484862727,1497484861114,1
1497484862728,1497484861115,0
1497484862729,1497484861115,1
1497484862730,1497484861116,0
1497484862731,1497484861116,1
1497484862732,1497484861117,0
1497484862733,1497484861117,1
1497484862734,1497484861118,0
1497484862735,1497484861118,1
1497484862736,1497484861119,0
1497484862737,1497484861119,1
1497484862738,1497484861120,0
1497484862739,1497484861120,1
1497484862740,1497484861121,0
1497484862741,1497484861121,1
1497484862742,1497484861122,0
1497484862743,1497484861122,1
1497484862744,1497484861123,0
1497484862745,1497484861123,1
1497484862746,1497484861124,0
1497484862747,1497484861124,1
1497484862748,1497484861125,0
1497484862749,1497484861125,1
1497484862750,1497484861126,0
1497484862751,1497484861126,1
1497484862752,1497484861127,0
1497484862753,1497484861127,1
1497484862754,1497484861128,0
1497484862755,1497484861128,1
1497484862756,1497484861129,0
1497484862757,1497484861129,1
1497484862758,1497484861130,0
1497484862759,1497484861130,1
1497484862760,1497484861131,0
1497484862761,1497484861131,1
1497484862762,1497484861132,0
1497484862763,1497484861132,1
1497484862764,1497484861133,0
1497484862765,1497484861133,1
1497484862766,1497484861134,0
1497484862767,1497484861134,1
1497484862768,1497484861135,0
1497484862769,1497484861135,1
1497484862770,1497484861136,0
1497484862771,1497484861136,1
1497484862772,1497484861137,0
1497484862773,1497484861137,1
1497484862774,1497484861138,0
1497484862775,1497484861138,1
1497484862776,1497484861139,0
1497484862777,1497484861139,1
1497484862778,1497484861140,0
1497484862779,1497484861140,1
1497484862780,1497484861141,0
1497484862781,1497484861141,1
1497484862782,1497484861142,0
1497484862783,1497484861142,1
1497484862784,1497484861143,0
1497484862785,1497484861143,1
1497484862786,1497484861144,0
1497484862787,1497484861144,1
1497484862788,1497484861145,0
1497484862789,1497484861145,1
1497484862790,1497484861146,0
1497484862791,1497484861146,1
1497484862792,1497484861147,0
1497484862793,1497484861147,1
1497484862794,1497484861148,0
1497484862795,1497484861148,1
1497484862796,1497484861149,0
1497484862797,1497484861149,1
1497484862798,1497484861150,0
1497484862799,1497484861150,1
1497484862800,1497484861151,0
1497484862801,1497484861151,1
1497484862802,1497484861152,0
1497484862803,1497484861152,1
1497484862804,1497484861153,0
1497484862805,1497484861153,1
1497484862806,1497484861154,0
1497484862807,1497484861154,1
1497484862808,1497484861155,0
1497484862809,1497484861155,1
1497484862810,1497484861156,0
1497484862811,1497484861156,1
1497484862812,1497484861157,0
1497484862813,1497484861157,1
1497484862814,1497484861158,0
1497484862815,1497484861158,1
1497484862816,1497484861159,0
1497484862817,1497484861159,1
1497484862818,1497484861160,0
1497484862819,1497484861160,1
1497484862820,1497484861161,0
1497484862821,1497484861161,1
1497484862822,1497484861162,0
1497484862823,1497484861162,1
1497484862824,1497484861163,0
1497484862825,1497484861163,1
1497484862826,1497484861164,0
1497484862827,1497484861164,1
1497484862828,1497484861165,0
1497484862829,1497484861165,1
1497484862830,1497484861166,0
1497484862831,1497484861166,1
1497484862832,1497484861167,0
1497484862833,1497484861167,1
1497484862834,1497484861168,0
1497484862835,1497484861168,1
1497484862836,1497484861169,0
1497484862837,1497484861169,1
1497484862838,1497484861170,0
1497484862839,1497484861170,1
1497484862840,1497484861171,0
1497484862841,1497484861171,1
1497484862842,1497484861172,0
1497484862843,1497484861172,1
1497484862844,1497484861173,0
1497484862845,1497484861173,1
1497484862846,1497484861174,0
1497484862847,1497484861174,1
1497484862848,1497484861175,0
1497484862849,1497484861175,1
1497484862850,1497484861176,0
1497484862851,1497484861176,1
1497484862852,1497484861177,0
1497484862853,1497484861177,1
1497484862854,1497484861178,0
1497484862855,1497484861178,1
1497484862856,1497484861179,0
1497484862857,1497484861179,1
1497484862858,1497484861180,0
1497484862859,1497484861180,1
1497484862860,1497484861181,0
1497484862861,1497484861181,1
1497484862862,1497484861182,0
1497484862863,1497484861182,1
1497484862864,1497484861183,0
1497484862865,1497484861183,1
1497484862866,1497484861184,0
1497484862867,1497484861184,1
1497484862868,1497484861185,0
1497484862869,1497484861185,1
1497484862870,1497484861186,0
1497484862871,1497484861186,1
1497484862872,1497484861187,0
1497484862873,1497484861187,1
1497484862874,1497484861188,0
1497484862875,1497484861188,1
1497484862876,1497484861189,0
1497484862877,1497484861189,1
1497484862878,1497484861190,0
1497484862879,1497484861190,1
1497484862880,1497484861191,0
1497484862881,1497484861191,1
1497484862882,1497484861192,0
1497484862883,1497484861192,1
1497484862884,1497484861193,0
1497484862885,1497484861193,1
1497484862886,1497484861194,0
1497484862887,1497484861194,1
1497484862888,1497484861195,0
1497484862889,1497484861195,1
1497484862890,1497484861196,0
1497484862891,1497484861196,1
1497484862892,1497484861197,0
1497484862893,1497484861197,1
1497484862894,1497484861198,0
1497484862895,1497484861198,1
1497484862896,1497484861199,0
1497484862897,1497484861199,1
1497484862898,1497484861200,0
1497484862899,1497484861200,1
1497484862900,1497484861201,0
1497484862901,1497484861201,1
1497484862902,1497484861202,0
1497484862903,1497484861202,1
1497484862904,1497484861203,0
1497484862905,1497484861203,1
1497484862906,1497484861204,0
1497484862907,1497484861204,1
1497484862908,1497484861205,0
1497484862909,1497484861205,1
1497484862910,1497484861206,0
1497484862911,1497484861206,1
1497484862912,1497484861207,0
1497484862913,1497484861207,1
1497484862914,1497484861208,0
1497484862915,1497484861208,1
1497484862916,1497484861209,0
1497484862917,1497484861209,1
1497484862918,1497484861210,0
1497484862919,1497484861210,1
1497484862920,1497484861211,0
1497484862921,1497484861211,1
1497484862922,1497484861212,0
1497484862923,1497484861212,1
1497484862924,1497484861213,0
1497484862925,1497484861213,1
1497484862926,1497484861214,0
1497484862927,1497484861214,1
1497484862928,1497484861215,0
1497484862929,1497484861215,1
1497484862930,1497484861216,0
1497484862931,1497484861216,1
1497484862932,1497484861217,0
1497484862933,1497484861217,1
1497484862934,1497484861218,0
1497484862935,1497484861218,1
1497484862936,1497484861219,0
1497484862937,1497484861219,1
1497484862938,1497484861220,0
1497484862939,1497484861220,1
1497484862940,1497484861221,0
1497484862941,1497484861221,1
1497484862942,1497484861222,0
1497484862943,1497484861222,1
1497484862944,1497484861223,0
1497484862945,1497484861223,1
1497484862946,1497484861224,0
1497484862947,1497484861224,1
1497484862948,1497484861225,0
1497484862949,1497484861225,1
1497484862950,1497484861226,0
1497484862951,1497484861226,1
1497484862952,1497484861227,0
1497484862953,1497484861227,1
1497484862954,1497484861228,0
1497484862955,1497484861228,1
1497484862956,1497484861229,0
1497484862957,1497484861229,1
1497484862958,1497484861230,0
1497484862959,1497484861230,1
1497484862960,1497484861231,0
1497484862961,1497484861231,1
1497484862962,1497484861232,0
1497484862963,1497484861232,1
1497484862964,1497484861233,0
1497484862965,1497484861233,1
1497484862966,1497484861234,0
1497484862967,1497484861234,1
1497484862968,1497484861235,0
1497484862969,1497484861235,1
1497484862970,1497484861236,0
1497484862971,1497484861236,1
1497484862972,1497484861237,0
1497484862973,1497484861237,1
1497484862974,1497484861238,0
1497484862975,1497484861238,1
1497484862976,1497484861239,0
1497484862977,1497484861239,1
1497484862978,1497484861240,0
1497484862979,1497484861240,1
1497484862980,1497484861241,0
1497484862981,1497484861241,1
1497484862982,1497484861242,0
1497484862983,1497484861242,1
1497484862984,1497484861243,0
1497484862985,1497484861243,1
1497484862986,1497484861244,0
1497484862987,1497484861244,1
1497484862988,1497484861245,0
1497484862989,1497484861245,1
1497484862990,1497484861246,0
1497484862991,1497484861246,1
1497484862992,1497484861247,0
1497484862993,1497484861247,1
1497484862994,1497484861248,0
1497484862995,1497484861248,1
1497484862996,1497484861249,0
1497484862997,1497484861249,1
1497484862998,1497484861250,0
1497484862999,1497484861250,1
1497484863000,1497484861251,0
1497484863001,1497484861251,1
1497484863002,1497484861252,0
1497484863003,1497484861252,1
1497484863004,1497484861253,0
1497484863005,1497484861253,1
1497484863006,1497484861254,0
1497484863007,1497484861254,1
1497484863008,1497484861255,0
1497484863009,1497484861255,1
1497484863010,1497484861256,0
1497484863011,1497484861256,1
1497484863012,1497484861257,0
1497484863013,1497484861257,1
1497484863014,1497484861258,0
1497484863015,1497484861258,1
1497484863016,1497484861259,0
1497484863017,1497484861259,1
1497484863018,1497484861260,0
1497484863019,1497484861260,1
1497484863020,1497484861261,0
1497484863021,1497484861261,1
1497484863022,1497484861262,0
1497484863023,1497484861262,1
1497484863024,1497484861263,0
1497484863025,1497484861263,1
1497484863026,1497484861264,0
1497484863027,1497484861264,1
1497484863028,1497484861265,0
1497484863029,1497484861265,1
1497484863030,1497484861266,0
1497484863031,1497484861266,1
1497484863032,1497484861267,0
1497484863033,1497484861267,1
1497484863034,1497484861268,0
1497484863035,1497484861268,1
1497484863036,1497484861269,0
1497484863037,1497484861269,1
1497484863038,1497484861270,0
1497484863039,1497484861270,1
1497484863040,1497484861271,0
1497484863041,1497484861271,1
1497484863042,1497484861272,0
1497484863043,1497484861272,1
1497484863044,1497484861273,0
1497484863045,1497484861273,1
1497484863046,1497484861274,0
1497484863047,1497484861274,1
1497484863048,1497484861275,0
1497484863049,1497484861275,1
1497484863050,1497484861276,0
1497484863051,1497484861276,1
1497484863052,1497484861277,0
1497484863053,1497484861277,1
1497484863054,1497484861278,0
1497484863055,1497484861278,1
1497484863056,1497484861279,0
1497484863057,1497484861279,1
1497484863058,1497484861280,0
1497484863059,1497484861280,1
1497484863060,1497484861281,0
1497484863061,1497484861281,1
1497484863062,1497484861282,0
1497484863063,1497484861282,1
1497484863064,1497484861283,0
1497484863065,1497484861283,1
1497484863066,1497484861284,0
1497484863067,1497484861284,1
1497484863068,1497484861285,0
1497484863069,1497484861285,1
1497484863070,1497484861286,0
1497484863071,1497484861286,1
1497484863072,1497484861287,0
1497484863073,1497484861287,1
1497484863074,1497484861288,0
1497484863075,1497484861288,1
1497484863076,1497484861289,0
1497484863077,1497484861289,1
1497484863078,1497484861290,0
1497484863079,1497484861290,1
1497484863080,1497484861291,0
1497484863081,1497484861291,1
1497484863082,1497484861292,0
1497484863083,1497484861292,1
1497484863084,1497484861293,0
1497484863085,1497484861293,1
1497484863086,1497484861294,0
1497484863087,1497484861294,1
1497484863088,1497484861295,0
1497484863089,1497484861295,1
1497484863090,1497484861296,0
1497484863091,1497484861296,1
1497484863092,1497484861297,0
1497484863093,1497484861297,1
1497484863094,1497484861298,0
1497484863095,1497484861298,1
1497484863096,1497484861299,0
1497484863097,1497484861299,1
1497484863098,1497484861300,0
1497484863099,1497484861300,1
1497484863100,1497484861301,0
1497484863101,1497484861301,1
1497484863102,1497484861302,0
1497484863103,1497484861302,1
1497484863104,1497484861303,0
1497484863105,1497484861303,1
1497484863106,1497484861304,0
1497484863107,1497484861304,1
1497484863108,1497484861305,0
1497484863109,1497484861305,1
1497484863110,1497484861306,0
1497484863111,1497484861306,1
1497484863112,1497484861307,0
1497484863113,1497484861307,1
1497484863114,1497484861308,0
1497484863115,1497484861308,1
1497484863116,1497484861309,0
1497484863117,1497484861309,1
1497484863118,1497484861310,0
1497484863119,1497484861310,1
1497484863120,1497484861311,0
1497484863121,1497484861311,1
1497484863122,1497484861312,0
1497484863123,1497484861312,1
1497484863124,1497484861313,0
1497484863125,1497484861313,1
1497484863126,1497484861314,0
1497484863127,1497484861314,1
1497484863128,1497484861315,0
1497484863129,1497484861315,1
1497484863130,1497484861316,0
1497484863131,1497484861316,1
1497484863132,1497484861317,0
1497484863133,1497484861317,1
1497484863134,1497484861318,0
1497484863135,1497484861318,1
1497484863136,1497484861319,0
1497484863137,1497484861319,1
1497484863138,1497484861320,0
1497484863139,1497484861320,1
1497484863140,1497484861321,0
1497484863141,1497484861321,1
1497484863142,1497484861322,0
1497484863143,1497484861322,1
1497484863144,1497484861323,0
1497484863145,1497484861323,1
1497484863146,1497484861324,0
1497484863147,1497484861324,1
1497484863148,1497484861325,0
1497484863149,1497484861325,1
1497484863150,1497484861326,0
1497484863151,1497484861326,1
1497484863152,1497484861327,0
1497484863153,1497484861327,1
1497484863154,1497484861328,0
1497484863155,1497484861328,1
1497484863156,1497484861329,0
1497484863157,1497484861329,1
1497484863158,1497484861330,0
1497484863159,1497484861330,1
1497484863160,1497484861331,0
1497484863161,1497484861331,1
1497484863162,1497484861332,0
1497484863163,1497484861332,1
1497484863164,1497484861333,0
1497484863165,1497484861333,1
1497484863166,1497484861334,0
1497484863167,1497484861334,1
1497484863168,1497484861335,0
1497484863169,1497484861335,1
1497484863170,1497484861336,0
1497484863171,1497484861336,1
1497484863172,1497484861337,0
1497484863173,1497484861337,1
1497484863174,1497484861338,0
1497484863175,1497484861338,1
1497484863176,1497484861339,0
1497484863177,1497484861339,1
1497484863178,1497484861340,0
1497484863179,1497484861340,1
1497484863180,1497484861341,0
1497484863181,1497484861341,1
1497484863182,1497484861342,0
1497484863183,1497484861342,1
1497484863184,1497484861343,0
1497484863185,1497484861343,1
1497484863186,1497484861344,0
1497484863187,1497484861344,1
1497484863188,1497484861345,0
1497484863189,1497484861345,1
1497484863190,1497484861346,0
1497484863191,1497484861346,1
1497484863192,1497484861347,0
1497484863193,1497484861347,1
1497484863194,1497484861348,0
1497484863195,1497484861348,1
1497484863196,1497484861349,0
1497484863197,1497484861349,1
1497484863198,1497484861350,0
1497484863199,1497484861350,1
1497484863200,1497484861351,0
1497484863201,1497484861351,1
1497484863202,1497484861352,0
1497484863203,1497484861352,1
1497484863204,1497484861353,0
1497484863205,1497484861353,1
1497484863206,1497484861354,0
1497484863207,1497484861354,1
1497484863208,1497484861355,0
1497484863209,1497484861355,1
1497484863210,1497484861356,0
1497484863211,1497484861356,1
1497484863212,1497484861357,0
1497484863213,1497484861357,1
1497484863214,1497484861358,0
1497484863215,1497484861358,1
1497484863216,1497484861359,0
1497484863217,1497484861359,1
1497484863218,1497484861360,0
1497484863219,1497484861360,1
1497484863220,1497484861361,0
1497484863221,1497484861361,1
1497484863222,1497484861362,0
1497484863223,1497484861362,1
1497484863224,1497484861363,0
1497484863225,1497484861363,1
1497484863226,1497484861364,0
1497484863227,1497484861364,1
1497484863228,1497484861365,0
1497484863229,1497484861365,1
1497484863230,1497484861366,0
1497484863231,1497484861366,1
1497484863232,1497484861367,0
1497484863233,1497484861367,1
1497484863234,1497484861368,0
1497484863235,1497484861368,1
1497484863236,1497484861369,0
1497484863237,1497484861369,1
1497484863238,1497484861370,0
1497484863239,1497484861370,1
1497484863240,1497484861371,0
1497484863241,1497484861371,1
1497484863242,1497484861372,0
1497484863243,1497484861372,1
1497484863244,1497484861373,0
1497484863245,1497484861373,1
1497484863246,1497484861374,0
1497484863247,1497484861374,1
1497484863248,1497484861375,0
1497484863249,1497484861375,1
1497484863250,1497484861376,0
1497484863251,1497484861376,1
1497484863252,1497484861377,0
1497484863253,1497484861377,1
1497484863254,1497484861378,0
1497484863255,1497484861378,1
1497484863256,1497484861379,0
1497484863257,1497484861379,1
1497484863258,1497484861380,0
1497484863259,1497484861380,1
1497484863260,1497484861381,0
1497484863261,1497484861381,1
1497484863262,1497484861382,0
1497484863263,1497484861382,1
1497484863264,1497484861383,0
1497484863265,1497484861383,1
1497484863266,1497484861384,0
1497484863267,1497484861384,1
1497484863268,1497484861385,0
1497484863269,1497484861385,1
1497484863270,1497484861386,0
1497484863271,1497484861386,1
1497484863272,1497484861387,0
1497484863273,1497484861387,1
1497484863274,1497484861388,0
1497484863275,1497484861388,1
1497484863276,1497484861389,0
1497484863277,1497484861389,1
1497484863278,1497484861390,0
1497484863279,1497484861390,1
1497484863280,1497484861391,0
1497484863281,1497484861391,1
1497484863282,1497484861392,0
1497484863283,1497484861392,1
1497484863284,1497484861393,0
1497484863285,1497484861393,1
1497484863286,1497484861394,0
1497484863287,1497484861394,1
1497484863288,1497484861395,0
1497484863289,1497484861395,1
1497484863290,1497484861396,0
1497484863291,1497484861396,1
1497484863292,1497484861397,0
1497484863293,1497484861397,1
1497484863294,1497484861398,0
1497484863295,1497484861398,1
1497484863296,1497484861399,0
1497484863297,1497484861399,1
1497484863298,1497484861400,0
1497484863299,1497484861400,1
1497484863300,1497484861401,0
1497484863301,1497484861401,1
1497484863302,1497484861402,0
1497484863303,1497484861402,1
1497484863304,1497484861403,0
1497484863305,1497484861403,1
1497484863306,1497484861404,0
1497484863307,1497484861404,1
1497484863308,1497484861405,0
1497484863309,1497484861405,1
1497484863310,1497484861406,0
1497484863311,1497484861406,1
1497484863312,1497484861407,0
1497484863313,1497484861407,1
1497484863314,1497484861408,0
1497484863315,1497484861408,1
1497484863316,1497484861409,0
1497484863317,1497484861409,1
1497484863318,1497484861410,0
1497484863319,1497484861410,1
1497484863320,1497484861411,0
1497484863321,1497484861411,1
1497484863322,1497484861412,0
1497484863323,1497484861412,1
1497484863324,1497484861413,0
1497484863325,1497484861413,1
1497484863326,1497484861414,0
1497484863327,1497484861414,1
1497484863328,1497484861415,0
1497484863329,1497484861415,1
1497484863330,1497484861416,0
1497484863331,1497484861416,1
1497484863332,1497484861417,0
1497484863333,1497484861417,1
1497484863334,1497484861418,0
1497484863335,1497484861418,1
1497484863336,1497484861419,0
1497484863337,1497484861419,1
1497484863338,1497484861420,0
1497484863339,1497484861420,1
1497484863340,1497484861421,0
1497484863341,1497484861421,1
1497484863342,1497484861422,0
1497484863343,1497484861422,1
1497484863344,1497484861423,0
1497484863345,1497484861423,1
1497484863346,1497484861424,0
1497484863347,1497484861424,1
1497484863348,1497484861425,0
1497484863349,1497484861425,1
1497484863350,1497484861426,0
1497484863351,1497484861426,1
1497484863352,1497484861427,0
1497484863353,1497484861427,1
1497484863354,1497484861428,0
1497484863355,1497484861428,1
1497484863356,1497484861429,0
1497484863357,1497484861429,1
1497484863358,1497484861430,0
1497484863359,1497484861430,1
1497484863360,1497484861431,0
1497484863361,1497484861431,1
1497484863362,1497484861432,0
1497484863363,1497484861432,1
1497484863364,1497484861433,0
1497484863365,1497484861433,1
1497484863366,1497484861434,0
1497484863367,1497484861434,1
1497484863368,1497484861435,0
1497484863369,1497484861435,1
1497484863370,1497484861436,0
1497484863371,1497484861436,1
1497484863372,1497484861437,0
1497484863373,1497484861437,1
1497484863374,1497484861438,0
1497484863375,1497484861438,1
1497484863376,1497484861439,0
1497484863377,1497484861439,1
1497484863378,1497484861440,0
1497484863379,1497484861440,1
1497484863380,1497484861441,0
1497484863381,1497484861441,1
1497484863382,1497484861442,0
1497484863383,1497484861442,1
1497484863384,1497484861443,0
1497484863385,1497484861443,1
1497484863386,1497484861444,0
1497484863387,1497484861444,1
1497484863388,1497484861445,0
1497484863389,1497484861445,1
1497484863390,1497484861446,0
1497484863391,1497484861446,1
1497484863392,1497484861447,0
1497484863393,1497484861447,1
1497484863394,1497484861448,0
1497484863395,1497484861448,1
1497484863396,1497484861449,0
1497484863397,1497484861449,1
1497484863398,1497484861450,0
1497484863399,1497484861450,1
1497484863400,1497484861451,0
1497484863401,1497484861451,1
1497484863402,1497484861452,0
1497484863403,1497484861452,1
1497484863404,1497484861453,0
1497484863405,1497484861453,1
1497484863406,1497484861454,0
1497484863407,1497484861454,1
1497484863408,1497484861455,0
1497484863409,1497484861455,1
1497484863410,1497484861456,0
1497484863411,1497484861456,1
1497484863412,1497484861457,0
1497484863413,1497484861457,1
1497484863414,1497484861458,0
1497484863415,1497484861458,1
1497484863416,1497484861459,0
1497484863417,1497484861459,1
1497484863418,1497484861460,0
1497484863419,1497484861460,1
1497484863420,1497484861461,0
1497484863421,1497484861461,1
1497484863422,1497484861462,0
1497484863423,1497484861462,1
1497484863424,1497484861463,0
1497484863425,1497484861463,1
1497484863426,1497484861464,0
1497484863427,1497484861464,1
1497484863428,1497484861465,0
1497484863429,1497484861465,1
1497484863430,1497484861466,0
1497484863431,1497484861466,1
1497484863432,1497484861467,0
1497484863433,1497484861467,1
1497484863434,1497484861468,0
1497484863435,1497484861468,1
1497484863436,1497484861469,0
1497484863437,1497484861469,1
1497484863438,1497484861470,0
1497484863439,1497484861470,1
1497484863440,1497484861471,0
1497484863441,1497484861471,1
1497484863442,1497484861472,0
1497484863443,1497484861472,1
1497484863444,1497484861473,0
1497484863445,1497484861473,1
1497484863446,1497484861474,0
1497484863447,1497484861474,1
1497484863448,1497484861475,0
1497484863449,1497484861475,1
1497484863450,1497484861476,0
1497484863451,1497484861476,1
1497484863452,1497484861477,0
1497484863453,1497484861477,1
1497484863454,1497484861478,0
1497484863455,1497484861478,1
1497484863456,1497484861479,0
1497484863457,1497484861479,1
1497484863458,1497484861480,0
1497484863459,1497484861480,1
1497484863460,1497484861481,0
1497484863461,1497484861481,1
1497484863462,1497484861482,0
1497484863463,1497484861482,1
1497484863464,1497484861483,0
1497484863465,1497484861483,1
1497484863466,1497484861484,0
1497484863467,1497484861484,1
1497484863468,1497484861485,0
1497484863469,1497484861485,1
1497484863470,1497484861486,0
1497484863471,1497484861486,1
1497484863472,1497484861487,0
1497484863473,1497484861487,1
1497484863474,1497484861488,0
1497484863475,1497484861488,1
1497484863476,1497484861489,0
1497484863477,1497484861489,1
1497484863478,1497484861490,0
1497484863479,1497484861490,1
1497484863480,1497484861491,0
1497484863481,1497484861491,1
1497484863482,1497484861492,0
1497484863483,1497484861492,1
1497484863484,1497484861493,0
1497484863485,1497484861493,1
1497484863486,1497484861494,0
1497484863487,1497484861494,1
1497484863488,1497484861495,0
1497484863489,1497484861495,1
1497484863490,1497484861496,0
1497484863491,1497484861496,1
1497484863492,1497484861497,0
1497484863493,1497484861497,1
1497484863494,1497484861498,0
1497484863495,1497484861498,1
1497484863496,1497484861499,0
1497484863497,1497484861499,1
1497484863498,1497484861500,0
1497484863499,1497484861500,1
1497484863500,1497484861501,0
1497484863501,1497484861501,1
1497484863502,1497484861502,0
1497484863503,1497484861502,1
1497484863504,1497484861503,0
1497484863505,1497484861503,1
1497484863506,1497484861504,0
1497484863507,1497484861504,1
1497484863508,1497484861505,0
1497484863509,1497484861505,1
1497484863510,1497484861506,0
1497484863511,1497484861506,1
1497484863512,1497484861507,0
1497484863513,1497484861507,1
1497484863514,1497484861508,0
1497484863515,1497484861508,1
1497484863516,1497484861509,0
1497484863517,1497484861509,1
1497484863518,1497484861510,0
1497484863519,1497484861510,1
1497484863520,1497484861511,0
1497484863521,1497484861511,1
1497484863522,1497484861512,0
1497484863523,1497484861512,1
1497484863524,1497484861513,0
1497484863525,1497484861513,1
1497484863526,1497484861514,0
1497484863527,1497484861514,1
1497484863528,1497484861515,0
1497484863529,1497484861515,1
1497484863530,1497484861516,0
1497484863531,1497484861516,1
1497484863532,1497484861517,0
1497484863533,1497484861517,1
1497484863534,1497484861518,0
1497484863535,1497484861518,1
1497484863536,1497484861519,0
1497484863537,1497484861519,1
1497484863538,1497484861520,0
1497484863539,1497484861520,1
1497484863540,1497484861521,0
1497484863541,1497484861521,1
1497484863542,1497484861522,0
1497484863543,1497484861522,1
1497484863544,1497484861523,0
1497484863545,1497484861523,1
1497484863546,1497484861524,0
1497484863547,1497484861524,1
1497484863548,1497484861525,0
1497484863549,1497484861525,1
1497484863550,1497484861526,0
1497484863551,1497484861526,1
1497484863552,1497484861527,0
1497484863553,1497484861527,1
1497484863554,1497484861528,0
1497484863555,1497484861528,1
1497484863556,1497484861529,0
1497484863557,1497484861529,1
1497484863558,1497484861530,0
1497484863559,1497484861530,1
1497484863560,1497484861531,0
1497484863561,1497484861531,1
1497484863562,1497484861532,0
1497484863563,1497484861532,1
1497484863564,1497484861533,0
1497484863565,1497484861533,1
1497484863566,1497484861534,0
1497484863567,1497484861534,1
1497484863568,1497484861535,0
1497484863569,1497484861535,1
1497484863570,1497484861536,0
1497484863571,1497484861536,1
1497484863572,1497484861537,0
1497484863573,1497484861537,1
1497484863574,1497484861538,0
1497484863575,1497484861538,1
1497484863576,1497484861539,0
1497484863577,1497484861539,1
1497484863578,1497484861540,0
1497484863579,1497484861540,1
1497484863580,1497484861541,0
1497484863581,1497484861541,1
1497484863582,1497484861542,0
1497484863583,1497484861542,1
1497484863584,1497484861543,0
1497484863585,1497484861543,1
1497484863586,1497484861544,0
1497484863587,1497484861544,1
1497484863588,1497484861545,0
1497484863589,1497484861545,1
1497484863590,1497484861546,0
1497484863591,1497484861546,1
1497484863592,1497484861547,0
1497484863593,1497484861547,1
1497484863594,1497484861548,0
1497484863595,1497484861548,1
1497484863596,1497484861549,0
1497484863597,1497484861549,1
1497484863598,1497484861550,0
1497484863599,1497484861550,1
1497484863600,1497484861551,0
1497484863601,1497484861551,1
1497484863602,1497484861552,0
1497484863603,1497484861552,1
1497484863604,1497484861553,0
1497484863605,1497484861553,1
1497484863606,1497484861554,0
1497484863607,1497484861554,1
1497484863608,1497484861555,0
1497484863609,1497484861555,1
1497484863610,1497484861556,0
1497484863611,1497484861556,1
1497484863612,1497484861557,0
1497484863613,1497484861557,1
1497484863614,1497484861558,0
1497484863615,1497484861558,1
1497484863616,1497484861559,0
1497484863617,1497484861559,1
1497484863618,1497484861560,0
1497484863619,1497484861560,1
1497484863620,1497484861561,0
1497484863621,1497484861561,1
1497484863622,1497484861562,0
1497484863623,1497484861562,1
1497484863624,1497484861563,0
1497484863625,1497484861563,1
1497484863626,1497484861564,0
1497484863627,1497484861564,1
1497484863628,1497484861565,0
1497484863629,1497484861565,1
1497484863630,1497484861566,0
1497484863631,1497484861566,1
1497484863632,1497484861567,0
1497484863633,1497484861567,1
1497484863634,1497484861568,0
1497484863635,1497484861568,1
1497484863636,1497484861569,0
1497484863637,1497484861569,1
1497484863638,1497484861570,0
1497484863639,1497484861570,1
1497484863640,1497484861571,0
1497484863641,1497484861571,1
1497484863642,1497484861572,0
1497484863643,1497484861572,1
1497484863644,1497484861573,0
1497484863645,1497484861573,1
1497484863646,1497484861574,0
1497484863647,1497484861574,1
1497484863648,1497484861575,0
1497484863649,1497484861575,1
1497484863650,1497484861576,0
1497484863651,1497484861576,1
1497484863652,1497484861577,0
1497484863653,1497484861577,1
1497484863654,1497484861578,0
1497484863655,1497484861578,1
1497484863656,1497484861579,0
1497484863657,1497484861579,1
1497484863658,1497484861580,0
1497484863659,1497484861580,1
1497484863660,1497484861581,0
1497484863661,1497484861581,1
1497484863662,1497484861582,0
1497484863663,1497484861582,1
1497484863664,1497484861583,0
1497484863665,1497484861583,1
1497484863666,1497484861584,0
1497484863667,1497484861584,1
1497484863668,1497484861585,0
1497484863669,1497484861585,1
1497484863670,1497484861586,0
1497484863671,1497484861586,1
1497484863672,1497484861587,0
1497484863673,1497484861587,1
1497484863674,1497484861588,0
1497484863675,1497484861588,1
1497484863676,1497484861589,0
1497484863677,1497484861589,1
1497484863678,1497484861590,0
1497484863679,1497484861590,1
1497484863680,1497484861591,0
1497484863681,1497484861591,1
1497484863682,1497484861592,0
1497484863683,1497484861592,1
1497484863684,1497484861593,0
1497484863685,1497484861593,1
1497484863686,1497484861594,0
1497484863687,1497484861594,1
1497484863688,1497484861595,0
1497484863689,1497484861595,1
1497484863690,1497484861596,0
1497484863691,1497484861596,1
1497484863692,1497484861597,0
1497484863693,1497484861597,1
1497484863694,1497484861598,0
1497484863695,1497484861598,1
1497484863696,1497484861599,0
1497484863697,1497484861599,1
1497484863698,1497484861600,0
1497484863699,1497484861600,1
1497484863700,1497484861601,0
1497484863701,1497484861601,1
1497484863702,1497484861602,0
1497484863703,1497484861602,1
1497484863704,1497484861603,0
1497484863705,1497484861603,1
1497484863706,1497484861604,0
1497484863707,1497484861604,1
1497484863708,1497484861605,0
1497484863709,1497484861605,1
1497484863710,1497484861606,0
1497484863711,1497484861606,1
1497484863712,1497484861607,0
1497484863713,1497484861607,1
1497484863714,1497484861608,0
1497484863715,1497484861608,1
1497484863716,1497484861609,0
1497484863717,1497484861609,1
1497484863718,1497484861610,0
1497484863719,1497484861610,1
1497484863720,1497484861611,0
1497484863721,1497484861611,1
1497484863722,1497484861612,0
1497484863723,1497484861612,1
1497484863724,1497484861613,0
1497484863725,1497484861613,1
1497484863726,1497484861614,0
1497484863727,1497484861614,1
1497484863728,1497484861615,0
1497484863729,1497484861615,1
1497484863730,1497484861616,0
1497484863731,1497484861616,1
1497484863732,1497484861617,0
1497484863733,1497484861617,1
1497484863734,1497484861618,0
1497484863735,1497484861618,1
1497484863736,1497484861619,0
1497484863737,1497484861619,1
1497484863738,1497484861620,0
1497484863739,1497484861620,1
1497484863740,1497484861621,0
1497484863741,1497484861621,1
1497484863742,1497484861622,0
1497484863743,1497484861622,1
1497484863744,1497484861623,0
1497484863745,1497484861623,1
1497484863746,1497484861624,0
1497484863747,1497484861624,1
1497484863748,1497484861625,0
1497484863749,1497484861625,1
1497484863750,1497484861626,0
1497484863751,1497484861626,1
1497484863752,1497484861627,0
1497484863753,1497484861627,1
1497484863754,1497484861628,0
1497484863755,1497484861628,1
1497484863756,1497484861629,0
1497484863757,1497484861629,1
1497484863758,1497484861630,0
1497484863759,1497484861630,1
1497484863760,1497484861631,0
1497484863761,1497484861631,1
1497484863762,1497484861632,0
1497484863763,1497484861632,1
1497484863764,1497484861633,0
1497484863765,1497484861633,1
1497484863766,1497484861634,0
1497484863767,1497484861634,1
1497484863768,1497484861635,0
1497484863769,1497484861635,1
1497484863770,1497484861636,0
1497484863771,1497484861636,1
1497484863772,1497484861637,0
1497484863773,1497484861637,1
1497484863774,1497484861638,0
1497484863775,1497484861638,1
1497484863776,1497484861639,0
1497484863777,1497484861639,1
1497484863778,1497484861640,0
1497484863779,1497484861640,1
1497484863780,1497484861641,0
1497484863781,1497484861641,1
1497484863782,1497484861642,0
1497484863783,1497484861642,1
1497484863784,1497484861643,0
1497484863785,1497484861643,1
1497484863786,1497484861644,0
1497484863787,1497484861644,1
1497484863788,1497484861645,0
1497484863789,1497484861645,1
1497484863790,1497484861646,0
1497484863791,1497484861646,1
1497484863792,1497484861647,0
1497484863793,1497484861647,1
1497484863794,1497484861648,0
1497484863795,1497484861648,1
1497484863796,1497484861649,0
1497484863797,1497484861649,1
1497484863798,1497484861650,0
1497484863799,1497484861650,1
1497484863800,1497484861651,0
1497484863801,1497484861651,1
1497484863802,1497484861652,0
1497484863803,1497484861652,1
1497484863804,1497484861653,0
1497484863805,1497484861653,1
1497484863806,1497484861654,0
1497484863807,1497484861654,1
1497484863808,1497484861655,0
1497484863809,1497484861655,1
1497484863810,1497484861656,0
1497484863811,1497484861656,1
1497484863812,1497484861657,0
1497484863813,1497484861657,1
1497484863814,1497484861658,0
1497484863815,1497484861658,1
1497484863816,1497484861659,0
1497484863817,1497484861659,1
1497484863818,1497484861660,0
1497484863819,1497484861660,1
1497484863820,1497484861661,0
1497484863821,1497484861661,1
1497484863822,1497484861662,0
1497484863823,1497484861662,1
1497484863824,1497484861663,0
1497484863825,1497484861663,1
1497484863826,1497484861664,0
1497484863827,1497484861664,1
1497484863828,1497484861665,0
1497484863829,1497484861665,1
1497484863830,1497484861666,0
1497484863831,1497484861666,1
1497484863832,1497484861667,0
1497484863833,1497484861667,1
1497484863834,1497484861668,0
1497484863835,1497484861668,1
1497484863836,1497484861669,0
1497484863837,1497484861669,1
1497484863838,1497484861670,0
1497484863839,1497484861670,1
1497484863840,1497484861671,0
1497484863841,1497484861671,1
1497484863842,1497484861672,0
1497484863843,1497484861672,1
1497484863844,1497484861673,0
1497484863845,1497484861673,1
1497484863846,1497484861674,0
1497484863847,1497484861674,1
1497484863848,1497484861675,0
1497484863849,1497484861675,1
1497484863850,1497484861676,0
1497484863851,1497484861676,1
1497484863852,1497484861677,0
1497484863853,1497484861677,1
1497484863854,1497484861678,0
1497484863855,1497484861678,1
1497484863856,1497484861679,0
1497484863857,1497484861679,1
1497484863858,1497484861680,0
1497484863859,1497484861680,1
1497484863860,1497484861681,0
1497484863861,1497484861681,1
1497484863862,1497484861682,0
1497484863863,1497484861682,1
1497484863864,1497484861683,0
1497484863865,1497484861683,1
1497484863866,1497484861684,0
1497484863867,1497484861684,1
1497484863868,1497484861685,0
1497484863869,1497484861685,1
1497484863870,1497484861686,0
1497484863871,1497484861686,1
1497484863872,1497484861687,0
1497484863873,1497484861687,1
1497484863874,1497484861688,0
1497484863875,1497484861688,1
1497484863876,1497484861689,0
1497484863877,1497484861689,1
1497484863878,1497484861690,0
1497484863879,1497484861690,1
1497484863880,1497484861691,0
1497484863881,1497484861691,1
1497484863882,1497484861692,0
1497484863883,1497484861692,1
1497484863884,1497484861693,0
1497484863885,1497484861693,1
1497484863886,1497484861694,0
1497484863887,1497484861694,1
1497484863888,1497484861695,0
1497484863889,1497484861695,1
1497484863890,1497484861696,0
1497484863891,1497484861696,1
1497484863892,1497484861697,0
1497484863893,1497484861697,1
1497484863894,1497484861698,0
1497484863895,1497484861698,1
1497484863896,1497484861699,0
1497484863897,1497484861699,1
1497484863898,1497484861700,0
1497484863899,1497484861700,1
1497484863900,1497484861701,0
1497484863901,1497484861701,1
1497484863902,1497484861702,0
1497484863903,1497484861702,1
1497484863904,1497484861703,0
1497484863905,1497484861703,1
1497484863906,1497484861704,0
1497484863907,1497484861704,1
1497484863908,1497484861705,0
1497484863909,1497484861705,1
1497484863910,1497484861706,0
1497484863911,1497484861706,1
1497484863912,1497484861707,0
1497484863913,1497484861707,1
1497484863914,1497484861708,0
1497484863915,1497484861708,1
1497484863916,1497484861709,0
1497484863917,1497484861709,1
1497484863918,1497484861710,0
1497484863919,1497484861710,1
1497484863920,1497484861711,0
1497484863921,1497484861711,1
1497484863922,1497484861712,0
1497484863923,1497484861712,1
1497484863924,1497484861713,0
1497484863925,1497484861713,1
1497484863926,1497484861714,0
1497484863927,1497484861714,1
1497484863928,1497484861715,0
1497484863929,1497484861715,1
1497484863930,1497484861716,0
1497484863931,1497484861716,1
1497484863932,1497484861717,0
1497484863933,1497484861717,1
1497484863934,1497484861718,0
1497484863935,1497484861718,1
1497484863936,1497484861719,0
1497484863937,1497484861719,1
1497484863938,1497484861720,0
1497484863939,1497484861720,1
1497484863940,1497484861721,0
1497484863941,1497484861721,1
1497484863942,1497484861722,0
1497484863943,1497484861722,1
1497484863944,1497484861723,0
1497484863945,1497484861723,1
1497484863946,1497484861724,0
1497484863947,1497484861724,1
1497484863948,1497484861725,0
1497484863949,1497484861725,1
1497484863950,1497484861726,0
1497484863951,1497484861726,1
1497484863952,1497484861727,0
1497484863953,1497484861727,1
1497484863954,1497484861728,0
1497484863955,1497484861728,1
1497484863956,1497484861729,0
1497484863957,1497484861729,1
1497484863958,1497484861730,0
1497484863959,1497484861730,1
1497484863960,1497484861731,0
1497484863961,1497484861731,1
1497484863962,1497484861732,0
1497484863963,1497484861732,1
1497484863964,1497484861733,0
1497484863965,1497484861733,1
1497484863966,1497484861734,0
1497484863967,1497484861734,1
1497484863968,1497484861735,0
1497484863969,1497484861735,1
1497484863970,1497484861736,0
1497484863971,1497484861736,1
1497484863972,1497484861737,0
1497484863973,1497484861737,1
1497484863974,1497484861738,0
1497484863975,1497484861738,1
1497484863976,1497484861739,0
1497484863977,1497484861739,1
1497484863978,1497484861740,0
1497484863979,1497484861740,1
1497484863980,1497484861741,0
1497484863981,1497484861741,1
1497484863982,1497484861742,0
1497484863983,1497484861742,1
1497484863984,1497484861743,0
1497484863985,1497484861743,1
1497484863986,1497484861744,0
1497484863987,1497484861744,1
1497484863988,1497484861745,0
1497484863989,1497484861745,1
1497484863990,1497484861746,0
1497484863991,1497484861746,1
1497484863992,1497484861747,0
1497484863993,1497484861747,1
1497484863994,1497484861748,0
1497484863995,1497484861748,1
1497484863996,1497484861749,0
1497484863997,1497484861749,1
1497484863998,1497484861750,0
1497484863999,1497484861750,1
1497484864000,1497484861751,0
1497484864001,1497484861751,1
1497484864002,1497484861752,0
1497484864003,1497484861752,1
1497484864004,1497484861753,0
1497484864005,1497484861753,1
1497484864006,1497484861754,0
1497484864007,1497484861754,1
1497484864008,1497484861755,0
1497484864009,1497484861755,1
1497484864010,1497484861756,0
1497484864011,1497484861756,1
1497484864012,1497484861757,0
1497484864013,1497484861757,1
1497484864014,1497484861758,0
1497484864015,1497484861758,1
1497484864016,1497484861759,0
1497484864017,1497484861759,1
1497484864018,1497484861760,0
1497484864019,1497484861760,1
1497484864020,1497484861761,0
1497484864021,1497484861761,1
1497484864022,1497484861762,0
1497484864023,1497484861762,1
1497484864024,1497484861763,0
1497484864025,1497484861763,1
1497484864026,1497484861764,0
1497484864027,1497484861764,1
1497484864028,1497484861765,0
1497484864029,1497484861765,1
1497484864030,1497484861766,0
1497484864031,1497484861766,1
1497484864032,1497484861767,0
1497484864033,1497484861767,1
1497484864034,1497484861768,0
1497484864035,1497484861768,1
1497484864036,1497484861769,0
1497484864037,1497484861769,1
1497484864038,1497484861770,0
1497484864039,1497484861770,1
1497484864040,1497484861771,0
1497484864041,1497484861771,1
1497484864042,1497484861772,0
1497484864043,1497484861772,1
1497484864044,1497484861773,0
1497484864045,1497484861773,1
1497484864046,1497484861774,0
1497484864047,1497484861774,1
1497484864048,1497484861775,0
1497484864049,1497484861775,1
1497484864050,1497484861776,0
1497484864051,1497484861776,1
1497484864052,1497484861777,0
1497484864053,1497484861777,1
1497484864054,1497484861778,0
1497484864055,1497484861778,1
1497484864056,1497484861779,0
1497484864057,1497484861779,1
1497484864058,1497484861780,0
1497484864059,1497484861780,1
1497484864060,1497484861781,0
1497484864061,1497484861781,1
1497484864062,1497484861782,0
1497484864063,1497484861782,1
1497484864064,1497484861783,0
1497484864065,1497484861783,1
1497484864066,1497484861784,0
1497484864067,1497484861784,1
1497484864068,1497484861785,0
1497484864069,1497484861785,1
1497484864070,1497484861786,0
1497484864071,1497484861786,1
1497484864072,1497484861787,0
1497484864073,1497484861787,1
1497484864074,1497484861788,0
1497484864075,1497484861788,1
1497484864076,1497484861789,0
1497484864077,1497484861789,1
1497484864078,1497484861790,0
1497484864079,1497484861790,1
1497484864080,1497484861791,0
1497484864081,1497484861791,1
1497484864082,1497484861792,0
1497484864083,1497484861792,1
1497484864084,1497484861793,0
1497484864085,1497484861793,1
1497484864086,1497484861794,0
1497484864087,1497484861794,1
1497484864088,1497484861795,0
1497484864089,1497484861795,1
1497484864090,1497484861796,0
1497484864091,1497484861796,1
1497484864092,1497484861797,0
1497484864093,1497484861797,1
1497484864094,1497484861798,0
1497484864095,1497484861798,1
1497484864096,1497484861799,0
1497484864097,1497484861799,1
1497484864098,1497484861800,0
1497484864099,1497484861800,1
1497484864100,1497484861801,0
1497484864101,1497484861801,1
1497484864102,1497484861802,0
1497484864103,1497484861802,1
1497484864104,1497484861803,0
1497484864105,1497484861803,1
1497484864106,1497484861804,0
1497484864107,1497484861804,1
1497484864108,1497484861805,0
1497484864109,1497484861805,1
1497484864110,1497484861806,0
1497484864111,1497484861806,1
1497484864112,1497484861807,0
1497484864113,1497484861807,1
1497484864114,1497484861808,0
1497484864115,1497484861808,1
1497484864116,1497484861809,0
1497484864117,1497484861809,1
1497484864118,1497484861810,0
1497484864119,1497484861810,1
1497484864120,1497484861811,0
1497484864121,1497484861811,1
1497484864122,1497484861812,0
1497484864123,1497484861812,1
1497484864124,1497484861813,0
1497484864125,1497484861813,1
1497484864126,1497484861814,0
1497484864127,1497484861814,1
1497484864128,1497484861815,0
1497484864129,1497484861815,1
1497484864130,1497484861816,0
1497484864131,1497484861816,1
1497484864132,1497484861817,0
1497484864133,1497484861817,1
1497484864134,1497484861818,0
1497484864135,1497484861818,1
1497484864136,1497484861819,0
1497484864137,1497484861819,1
1497484864138,1497484861820,0
1497484864139,1497484861820,1
1497484864140,1497484861821,0
1497484864141,1497484861821,1
1497484864142,1497484861822,0
1497484864143,1497484861822,1
1497484864144,1497484861823,0
1497484864145,1497484861823,1
1497484864146,1497484861824,0
1497484864147,1497484861824,1
1497484864148,1497484861825,0
1497484864149,1497484861825,1
1497484864150,1497484861826,0
1497484864151,1497484861826,1
1497484864152,1497484861827,0
1497484864153,1497484861827,1
1497484864154,1497484861828,0
1497484864155,1497484861828,1
1497484864156,1497484861829,0
1497484864157,1497484861829,1
1497484864158,1497484861830,0
1497484864159,1497484861830,1
1497484864160,1497484861831,0
1497484864161,1497484861831,1
1497484864162,1497484861832,0
1497484864163,1497484861832,1
1497484864164,1497484861833,0
1497484864165,1497484861833,1
1497484864166,1497484861834,0
1497484864167,1497484861834,1
1497484864168,1497484861835,0
1497484864169,1497484861835,1
1497484864170,1497484861836,0
1497484864171,1497484861836,1
1497484864172,1497484861837,0
1497484864173,1497484861837,1
1497484864174,1497484861838,0
1497484864175,1497484861838,1
1497484864176,1497484861839,0
1497484864177,1497484861839,1
1497484864178,1497484861840,0
1497484864179,1497484861840,1
1497484864180,1497484861841,0
1497484864181,1497484861841,1
1497484864182,1497484861842,0
1497484864183,1497484861842,1
1497484864184,1497484861843,0
1497484864185,1497484861843,1
1497484864186,1497484861844,0
1497484864187,1497484861844,1
1497484864188,1497484861845,0
1497484864189,1497484861845,1
1497484864190,1497484861846,0
1497484864191,1497484861846,1
1497484864192,1497484861847,0
1497484864193,1497484861847,1
1497484864194,1497484861848,0
1497484864195,1497484861848,1
1497484864196,1497484861849,0
1497484864197,1497484861849,1
1497484864198,1497484861850,0
1497484864199,1497484861850,1
1497484864200,1497484861851,0
1497484864201,1497484861851,1
1497484864202,1497484861852,0
1497484864203,1497484861852,1
1497484864204,1497484861853,0
1497484864205,1497484861853,1
1497484864206,1497484861854,0
1497484864207,1497484861854,1
1497484864208,1497484861855,0
1497484864209,1497484861855,1
1497484864210,1497484861856,0
1497484864211,1497484861856,1
1497484864212,1497484861857,0
1497484864213,1497484861857,1
1497484864214,1497484861858,0
1497484864215,1497484861858,1
1497484864216,1497484861859,0
1497484864217,1497484861859,1
1497484864218,1497484861860,0
1497484864219,1497484861860,1
1497484864220,1497484861861,0
1497484864221,1497484861861,1
1497484864222,1497484861862,0
1497484864223,1497484861862,1
1497484864224,1497484861863,0
1497484864225,1497484861863,1
1497484864226,1497484861864,0
1497484864227,1497484861864,1
1497484864228,1497484861865,0
1497484864229,1497484861865,1
1497484864230,1497484861866,0
1497484864231,1497484861866,1
1497484864232,1497484861867,0
1497484864233,1497484861867,1
1497484864234,1497484861868,0
1497484864235,1497484861868,1
1497484864236,1497484861869,0
1497484864237,1497484861869,1
1497484864238,1497484861870,0
1497484864239,1497484861870,1
1497484864240,1497484861871,0
1497484864241,1497484861871,1
1497484864242,1497484861872,0
1497484864243,1497484861872,1
1497484864244,1497484861873,0
1497484864245,1497484861873,1
1497484864246,1497484861874,0
1497484864247,1497484861874,1
1497484864248,1497484861875,0
1497484864249,1497484861875,1
1497484864250,1497484861876,0
1497484864251,1497484861876,1
1497484864252,1497484861877,0
1497484864253,1497484861877,1
1497484864254,1497484861878,0
1497484864255,1497484861878,1
1497484864256,1497484861879,0
1497484864257,1497484861879,1
1497484864258,1497484861880,0
1497484864259,1497484861880,1
1497484864260,1497484861881,0
1497484864261,1497484861881,1
1497484864262,1497484861882,0
1497484864263,1497484861882,1
1497484864264,1497484861883,0
1497484864265,1497484861883,1
1497484864266,1497484861884,0
1497484864267,1497484861884,1
1497484864268,1497484861885,0
1497484864269,1497484861885,1
1497484864270,1497484861886,0
1497484864271,1497484861886,1
1497484864272,1497484861887,0
1497484864273,1497484861887,1
1497484864274,1497484861888,0
1497484864275,1497484861888,1
1497484864276,1497484861889,0
1497484864277,1497484861889,1
1497484864278,1497484861890,0
1497484864279,1497484861890,1
1497484864280,1497484861891,0
1497484864281,1497484861891,1
1497484864282,1497484861892,0
1497484864283,1497484861892,1
1497484864284,1497484861893,0
1497484864285,1497484861893,1
1497484864286,1497484861894,0
1497484864287,1497484861894,1
1497484864288,1497484861895,0
1497484864289,1497484861895,1
1497484864290,1497484861896,0
1497484864291,1497484861896,1
1497484864292,1497484861897,0
1497484864293,1497484861897,1
1497484864294,1497484861898,0
1497484864295,1497484861898,1
1497484864296,1497484861899,0
1497484864297,1497484861899,1
1497484864298,1497484861900,0
1497484864299,1497484861900,1
1497484864300,1497484861901,0
1497484864301,1497484861901,1
1497484864302,1497484861902,0
1497484864303,1497484861902,1
1497484864304,1497484861903,0
1497484864305,1497484861903,1
1497484864306,1497484861904,0
1497484864307,1497484861904,1
1497484864308,1497484861905,0
1497484864309,1497484861905,1
1497484864310,1497484861906,0
1497484864311,1497484861906,1
1497484864312,1497484861907,0
1497484864313,1497484861907,1
1497484864314,1497484861908,0
1497484864315,1497484861908,1
1497484864316,1497484861909,0
1497484864317,1497484861909,1
1497484864318,1497484861910,0
1497484864319,1497484861910,1
1497484864320,1497484861911,0
1497484864321,1497484861911,1
1497484864322,1497484861912,0
1497484864323,1497484861912,1
1497484864324,1497484861913,0
1497484864325,1497484861913,1
1497484864326,1497484861914,0
1497484864327,1497484861914,1
1497484864328,1497484861915,0
1497484864329,1497484861915,1
1497484864330,1497484861916,0
1497484864331,1497484861916,1
1497484864332,1497484861917,0
1497484864333,1497484861917,1
1497484864334,1497484861918,0
1497484864335,1497484861918,1
1497484864336,1497484861919,0
1497484864337,1497484861919,1
1497484864338,1497484861920,0
1497484864339,1497484861920,1
1497484864340,1497484861921,0
1497484864341,1497484861921,1
1497484864342,1497484861922,0
1497484864343,1497484861922,1
1497484864344,1497484861923,0
1497484864345,1497484861923,1
1497484864346,1497484861924,0
1497484864347,1497484861924,1
1497484864348,1497484861925,0
1497484864349,1497484861925,1
1497484864350,1497484861926,0
1497484864351,1497484861926,1
1497484864352,1497484861927,0
1497484864353,1497484861927,1
1497484864354,1497484861928,0
1497484864355,1497484861928,1
1497484864356,1497484861929,0
1497484864357,1497484861929,1
1497484864358,1497484861930,0
1497484864359,1497484861930,1
1497484864360,1497484861931,0
1497484864361,1497484861931,1
